map_name,step,robot_z,robot_r,robot_c,prev_action,observed_nodes,observed_edges,frontier_count,visited_count,teacher_action,best_reward_action,reward_0,reward_1,reward_2,reward_3,reward_4,reward_5,reward_6,patch_0,patch_1,patch_2,patch_3,patch_4,patch_5,patch_6,patch_7,patch_8,patch_9,patch_10,patch_11,patch_12,patch_13,patch_14,patch_15,patch_16,patch_17,patch_18,patch_19,patch_20,patch_21,patch_22,patch_23,patch_24,patch_25,patch_26
train_001,0,0,11,0,6,8,24,10,0,0,0,0.75,0.75,-3.0,-3.0,0.5199999999999999,-3.0,-0.5,-1.0,-1.0,-1.0,-1.0,-1.0,-1.0,-1.0,-1.0,-1.0,-1.0,0.0,0.0,-1.0,0.0,0.0,-1.0,-1.0,-1.0,-1.0,0.0,0.0,-1.0,0.0,0.0,-1.0,-1.0,-1.0
train_001,1,0,10,0,0,11,34,12,1,0,0,0.75,0.75,-0.48,-3.0,0.7,-3.0,-0.5,-1.0,-1.0,-1.0,-1.0,-1.0,-1.0,-1.0,-1.0,-1.0,-1.0,0.0,0.0,-1.0,0.0,0.0,-1.0,0.0,0.0,-1.0,0.0,1.0,-1.0,0.0,0.0,-1.0,0.0,0.0
train_001,2,0,9,0,0,15,48,16,2,0,0,0.75,0.75,-0.48,-3.0,0.7,-3.0,-0.5,-1.0,-1.0,-1.0,-1.0,-1.0,-1.0,-1.0,-1.0,-1.0,-1.0,0.0,0.0,-1.0,0.0,0.0,-1.0,0.0,0.0,-1.0,0.0,0.0,-1.0,0.0,1.0,-1.0,0.0,0.0
train_001,3,0,8,0,0,18,58,15,3,0,1,0.57,0.75,-0.48,-3.0,0.7,-3.0,-0.5,-1.0,-1.0,-1.0,-1.0,-1.0,-1.0,-1.0,-1.0,-1.0,-1.0,0.0,0.0,-1.0,0.0,0.0,-1.0,0.0,0.0,-1.0,0.0,1.0,-1.0,0.0,0.0,-1.0,0.0,1.0
train_001,4,0,7,0,0,18,58,15,4,1,1,-3.0,0.75,-0.48,-3.0,0.7,-3.0,-0.5,-1.0,-1.0,-1.0,-1.0,-1.0,-1.0,-1.0,-1.0,-1.0,-1.0,1.0,1.0,-1.0,0.0,0.0,-1.0,0.0,0.0,-1.0,1.0,1.0,-1.0,0.0,1.0,-1.0,0.0,0.0
train_001,5,0,7,1,1,22,72,19,5,1,1,-3.0,0.75,0.57,-0.48,-3.0,-3.0,-0.5,-1.0,-1.0,-1.0,-1.0,-1.0,-1.0,-1.0,-1.0,-1.0,1.0,1.0,1.0,0.0,0.0,0.0,0.0,0.0,0.0,1.0,1.0,1.0,0.0,1.0,0.0,0.0,0.0,0.0
train_001,6,0,7,2,1,26,84,23,6,1,1,-3.0,0.75,0.75,-0.48,0.7,-3.0,-0.5,-1.0,-1.0,-1.0,-1.0,-1.0,-1.0,-1.0,-1.0,-1.0,1.0,1.0,0.0,0.0,0.0,0.0,0.0,0.0,0.0,1.0,1.0,1.0,1.0,0.0,1.0,0.0,0.0,0.0
train_001,7,0,7,3,1,31,102,25,7,1,0,0.75,0.57,0.57,-0.48,-3.0,-3.0,-0.5,-1.0,-1.0,-1.0,-1.0,-1.0,-1.0,-1.0,-1.0,-1.0,1.0,0.0,0.0,0.0,0.0,0.0,0.0,0.0,0.0,1.0,1.0,1.0,0.0,1.0,0.0,0.0,0.0,0.0
train_001,8,0,7,4,1,33,104,26,8,4,0,0.75,-3.0,0.75,-0.48,0.7,-3.0,-0.5,-1.0,-1.0,-1.0,-1.0,-1.0,-1.0,-1.0,-1.0,-1.0,0.0,0.0,1.0,0.0,0.0,1.0,0.0,0.0,0.0,1.0,1.0,0.0,1.0,0.0,1.0,0.0,0.0,1.0
train_001,9,1,7,4,4,40,124,36,9,4,2,-3.0,-3.0,0.75,-3.0,0.5199999999999999,-0.53,-0.5,0.0,0.0,1.0,0.0,0.0,1.0,0.0,0.0,0.0,1.0,1.0,0.0,1.0,0.0,1.0,0.0,0.0,1.0,0.0,0.0,1.0,1.0,0.0,0.0,0.0,0.0,0.0
train_001,10,2,7,4,4,48,152,45,10,0,2,0.57,0.57,0.75,-3.0,-3.0,-0.53,-0.5,1.0,1.0,0.0,1.0,0.0,1.0,0.0,0.0,1.0,0.0,0.0,1.0,1.0,0.0,0.0,0.0,0.0,0.0,0.0,0.0,0.0,0.0,1.0,0.0,0.0,0.0,0.0
train_001,11,2,6,4,0,55,174,54,11,4,3,-3.0,-3.0,-0.48,0.75,0.7,-3.0,-0.5,0.0,0.0,0.0,1.0,1.0,0.0,1.0,0.0,1.0,0.0,1.0,1.0,0.0,0.0,1.0,1.0,0.0,0.0,0.0,0.0,0.0,0.0,0.0,0.0,0.0,1.0,0.0
train_001,12,3,6,4,4,60,192,53,12,1,0,0.75,0.75,-3.0,0.75,0.5199999999999999,-0.53,-0.5,0.0,1.0,1.0,0.0,0.0,1.0,1.0,0.0,0.0,0.0,0.0,0.0,0.0,0.0,0.0,0.0,1.0,0.0,1.0,0.0,0.0,1.0,0.0,0.0,1.0,0.0,1.0
train_001,13,3,6,5,1,65,206,58,13,1,0,0.75,0.75,0.57,-0.48,0.5199999999999999,-3.0,-0.5,1.0,1.0,0.0,0.0,1.0,1.0,0.0,0.0,1.0,0.0,0.0,1.0,0.0,0.0,0.0,1.0,0.0,0.0,0.0,0.0,1.0,0.0,0.0,0.0,0.0,1.0,0.0
train_001,14,3,6,6,1,71,220,65,14,1,1,-3.0,0.75,0.75,-0.48,0.5199999999999999,-3.0,-0.5,1.0,0.0,0.0,1.0,1.0,1.0,0.0,1.0,0.0,0.0,1.0,1.0,0.0,0.0,0.0,0.0,0.0,0.0,0.0,1.0,0.0,0.0,0.0,1.0,1.0,0.0,0.0
train_001,15,3,6,7,1,80,256,74,15,1,1,-3.0,10.57,0.75,-0.48,-3.0,-3.0,10.0,0.0,0.0,0.0,1.0,1.0,0.0,1.0,0.0,0.0,1.0,1.0,0.0,0.0,0.0,2.0,0.0,0.0,0.0,1.0,0.0,0.0,0.0,1.0,0.0,0.0,0.0,0.0
train_002,0,0,11,0,6,5,8,7,0,0,0,0.75,0.75,-3.0,-3.0,-3.0,-3.0,-0.5,-1.0,-1.0,-1.0,-1.0,-1.0,-1.0,-1.0,-1.0,-1.0,-1.0,0.0,1.0,-1.0,0.0,0.0,-1.0,-1.0,-1.0,-1.0,0.0,0.0,-1.0,1.0,1.0,-1.0,-1.0,-1.0
train_002,1,0,10,0,0,9,22,12,1,0,0,0.75,-3.0,-0.48,-3.0,0.7,-3.0,-0.5,-1.0,-1.0,-1.0,-1.0,-1.0,-1.0,-1.0,-1.0,-1.0,-1.0,0.0,0.0,-1.0,0.0,1.0,-1.0,0.0,0.0,-1.0,0.0,0.0,-1.0,0.0,0.0,-1.0,1.0,1.0
train_002,2,0,9,0,0,13,38,16,2,0,0,0.75,0.75,-0.48,-3.0,0.7,-3.0,-0.5,-1.0,-1.0,-1.0,-1.0,-1.0,-1.0,-1.0,-1.0,-1.0,-1.0,0.0,0.0,-1.0,0.0,0.0,-1.0,0.0,1.0,-1.0,0.0,0.0,-1.0,0.0,0.0,-1.0,0.0,0.0
train_002,3,0,8,0,0,17,54,18,3,0,0,0.75,0.75,-0.48,-3.0,0.7,-3.0,-0.5,-1.0,-1.0,-1.0,-1.0,-1.0,-1.0,-1.0,-1.0,-1.0,-1.0,0.0,0.0,-1.0,0.0,0.0,-1.0,0.0,0.0,-1.0,0.0,0.0,-1.0,0.0,0.0,-1.0,0.0,0.0
train_002,4,0,7,0,0,20,64,19,4,0,0,0.75,0.75,-0.48,-3.0,0.7,-3.0,-0.5,-1.0,-1.0,-1.0,-1.0,-1.0,-1.0,-1.0,-1.0,-1.0,-1.0,0.0,0.0,-1.0,0.0,0.0,-1.0,0.0,0.0,-1.0,0.0,1.0,-1.0,0.0,0.0,-1.0,0.0,0.0
train_002,5,0,6,0,0,24,78,22,5,0,0,0.75,0.75,-0.48,-3.0,0.5199999999999999,-3.0,-0.5,-1.0,-1.0,-1.0,-1.0,-1.0,-1.0,-1.0,-1.0,-1.0,-1.0,0.0,0.0,-1.0,0.0,0.0,-1.0,0.0,0.0,-1.0,0.0,0.0,-1.0,0.0,1.0,-1.0,0.0,0.0
train_002,6,0,5,0,0,26,82,24,6,1,0,0.75,0.75,-0.48,-3.0,0.7,-3.0,-0.5,-1.0,-1.0,-1.0,-1.0,-1.0,-1.0,-1.0,-1.0,-1.0,-1.0,0.0,1.0,-1.0,0.0,0.0,-1.0,0.0,0.0,-1.0,1.0,0.0,-1.0,0.0,0.0,-1.0,0.0,1.0
train_002,7,0,5,1,1,32,104,28,7,1,1,-3.0,0.75,0.57,-0.48,0.7,-3.0,-0.5,-1.0,-1.0,-1.0,-1.0,-1.0,-1.0,-1.0,-1.0,-1.0,0.0,1.0,0.0,0.0,0.0,0.0,0.0,0.0,0.0,1.0,0.0,0.0,0.0,0.0,0.0,0.0,1.0,0.0
train_002,8,0,5,2,1,36,116,32,8,0,0,0.75,0.57,0.75,-0.48,0.7,-3.0,-0.5,-1.0,-1.0,-1.0,-1.0,-1.0,-1.0,-1.0,-1.0,-1.0,1.0,0.0,0.0,0.0,0.0,0.0,0.0,0.0,1.0,0.0,0.0,0.0,0.0,0.0,1.0,1.0,0.0,0.0
train_002,9,0,4,2,0,40,128,36,9,1,0,0.75,0.75,-0.48,-3.0,0.5199999999999999,-3.0,-0.5,-1.0,-1.0,-1.0,-1.0,-1.0,-1.0,-1.0,-1.0,-1.0,1.0,0.0,0.0,1.0,0.0,0.0,0.0,0.0,0.0,0.0,1.0,0.0,0.0,0.0,0.0,0.0,0.0,1.0
train_002,10,0,4,3,1,44,140,41,10,1,0,0.75,0.75,0.57,-0.48,0.7,-3.0,-0.5,-1.0,-1.0,-1.0,-1.0,-1.0,-1.0,-1.0,-1.0,-1.0,0.0,0.0,1.0,0.0,0.0,0.0,0.0,0.0,1.0,1.0,0.0,0.0,0.0,0.0,0.0,0.0,1.0,0.0
train_002,11,0,4,4,1,49,154,47,11,1,1,-3.0,0.75,-3.0,-0.48,0.7,-3.0,-0.5,-1.0,-1.0,-1.0,-1.0,-1.0,-1.0,-1.0,-1.0,-1.0,0.0,1.0,0.0,0.0,0.0,0.0,0.0,1.0,0.0,0.0,0.0,0.0,0.0,0.0,1.0,1.0,0.0,0.0
train_002,12,0,4,5,1,54,172,50,12,1,0,0.75,0.75,0.75,-0.48,-3.0,-3.0,-0.5,-1.0,-1.0,-1.0,-1.0,-1.0,-1.0,-1.0,-1.0,-1.0,1.0,0.0,0.0,0.0,0.0,0.0,1.0,0.0,1.0,0.0,0.0,0.0,0.0,1.0,0.0,0.0,0.0,0.0
train_002,13,0,4,6,1,58,184,54,13,1,0,0.75,0.75,-3.0,-0.48,0.5199999999999999,-3.0,-0.5,-1.0,-1.0,-1.0,-1.0,-1.0,-1.0,-1.0,-1.0,-1.0,0.0,0.0,0.0,0.0,0.0,0.0,0.0,1.0,0.0,0.0,0.0,1.0,1.0,0.0,0.0,0.0,0.0,1.0
train_002,14,0,4,7,1,64,206,61,14,1,0,0.75,0.75,0.75,-0.48,0.7,-3.0,-0.5,-1.0,-1.0,-1.0,-1.0,-1.0,-1.0,-1.0,-1.0,-1.0,0.0,0.0,0.0,0.0,0.0,0.0,1.0,0.0,0.0,0.0,1.0,0.0,0.0,0.0,0.0,0.0,1.0,0.0
train_002,15,0,4,8,1,69,226,65,15,4,0,0.75,0.57,0.75,-0.48,0.7,-3.0,-0.5,-1.0,-1.0,-1.0,-1.0,-1.0,-1.0,-1.0,-1.0,-1.0,0.0,0.0,0.0,0.0,0.0,0.0,0.0,0.0,0.0,1.0,0.0,0.0,0.0,0.0,0.0,1.0,0.0,1.0
train_002,16,1,4,8,4,77,258,74,16,4,0,0.75,0.75,0.57,0.57,0.7,-0.53,-0.5,0.0,0.0,0.0,0.0,0.0,0.0,0.0,0.0,0.0,1.0,0.0,0.0,0.0,0.0,0.0,1.0,0.0,1.0,0.0,0.0,0.0,0.0,0.0,0.0,1.0,0.0,0.0
train_002,17,2,4,8,4,86,298,84,17,4,1,0.57,0.75,0.75,0.57,0.7,-0.53,-0.5,1.0,0.0,0.0,0.0,0.0,0.0,1.0,0.0,1.0,0.0,0.0,0.0,0.0,0.0,0.0,1.0,0.0,0.0,0.0,0.0,0.0,0.0,0.0,0.0,0.0,0.0,0.0
train_002,18,3,4,8,4,93,328,82,18,4,4,0.75,0.75,0.75,0.75,10.52,-0.53,10.0,0.0,0.0,0.0,0.0,0.0,0.0,1.0,0.0,0.0,0.0,0.0,0.0,0.0,0.0,0.0,0.0,0.0,0.0,0.0,0.0,1.0,0.0,2.0,0.0,1.0,0.0,0.0
train_003,0,0,11,0,6,3,4,2,0,1,1,-3.0,0.75,-3.0,-3.0,0.7,-3.0,-0.5,-1.0,-1.0,-1.0,-1.0,-1.0,-1.0,-1.0,-1.0,-1.0,-1.0,1.0,1.0,-1.0,0.0,0.0,-1.0,-1.0,-1.0,-1.0,1.0,1.0,-1.0,0.0,1.0,-1.0,-1.0,-1.0
train_003,1,0,11,1,1,6,10,7,1,1,1,-3.0,0.75,-3.0,-0.48,-3.0,-3.0,-0.5,-1.0,-1.0,-1.0,-1.0,-1.0,-1.0,-1.0,-1.0,-1.0,1.0,1.0,1.0,0.0,0.0,0.0,-1.0,-1.0,-1.0,1.0,1.0,0.0,0.0,1.0,0.0,-1.0,-1.0,-1.0
train_003,2,0,11,2,1,10,24,10,2,1,1,-3.0,0.75,-3.0,-0.48,0.7,-3.0,-0.5,-1.0,-1.0,-1.0,-1.0,-1.0,-1.0,-1.0,-1.0,-1.0,1.0,1.0,0.0,0.0,0.0,0.0,-1.0,-1.0,-1.0,1.0,0.0,0.0,1.0,0.0,0.0,-1.0,-1.0,-1.0
train_003,3,0,11,3,1,13,34,13,3,0,0,0.75,0.75,-3.0,-0.48,0.5199999999999999,-3.0,-0.5,-1.0,-1.0,-1.0,-1.0,-1.0,-1.0,-1.0,-1.0,-1.0,1.0,0.0,0.0,0.0,0.0,0.0,-1.0,-1.0,-1.0,0.0,0.0,0.0,0.0,0.0,1.0,-1.0,-1.0,-1.0
train_003,4,0,10,3,0,19,58,20,4,0,0,0.75,0.75,-0.48,-3.0,0.7,-3.0,-0.5,-1.0,-1.0,-1.0,-1.0,-1.0,-1.0,-1.0,-1.0,-1.0,0.0,0.0,0.0,1.0,0.0,0.0,0.0,0.0,0.0,0.0,0.0,0.0,0.0,0.0,0.0,0.0,0.0,1.0
train_003,5,0,9,3,0,25,84,27,5,0,0,0.75,0.75,-0.48,0.75,0.5199999999999999,-3.0,-0.5,-1.0,-1.0,-1.0,-1.0,-1.0,-1.0,-1.0,-1.0,-1.0,0.0,0.0,0.0,0.0,0.0,0.0,1.0,0.0,0.0,0.0,0.0,0.0,0.0,0.0,0.0,0.0,0.0,0.0
train_003,6,0,8,3,0,31,110,33,6,0,0,0.75,0.75,-0.48,0.75,0.7,-3.0,-0.5,-1.0,-1.0,-1.0,-1.0,-1.0,-1.0,-1.0,-1.0,-1.0,0.0,0.0,0.0,0.0,0.0,0.0,0.0,0.0,0.0,0.0,0.0,0.0,0.0,0.0,0.0,0.0,0.0,0.0
train_003,7,0,7,3,0,36,128,37,7,1,0,0.75,0.75,-0.48,0.75,0.7,-3.0,-0.5,-1.0,-1.0,-1.0,-1.0,-1.0,-1.0,-1.0,-1.0,-1.0,0.0,0.0,0.0,0.0,0.0,0.0,0.0,0.0,0.0,0.0,1.0,0.0,0.0,0.0,0.0,0.0,0.0,0.0
train_003,8,0,7,4,1,42,154,42,8,1,0,0.75,0.75,0.57,-0.48,0.7,-3.0,-0.5,-1.0,-1.0,-1.0,-1.0,-1.0,-1.0,-1.0,-1.0,-1.0,0.0,0.0,0.0,0.0,0.0,0.0,0.0,0.0,0.0,1.0,0.0,0.0,0.0,0.0,0.0,0.0,0.0,0.0
train_003,9,0,7,5,1,47,174,45,9,1,0,0.75,0.57,0.75,-0.48,0.7,-3.0,-0.5,-1.0,-1.0,-1.0,-1.0,-1.0,-1.0,-1.0,-1.0,-1.0,0.0,0.0,0.0,0.0,0.0,0.0,0.0,0.0,1.0,0.0,0.0,0.0,0.0,0.0,0.0,0.0,0.0,0.0
train_003,10,0,7,6,1,51,188,50,10,4,0,0.75,-3.0,-3.0,-0.48,0.5199999999999999,-3.0,-0.5,-1.0,-1.0,-1.0,-1.0,-1.0,-1.0,-1.0,-1.0,-1.0,0.0,0.0,0.0,0.0,0.0,1.0,0.0,1.0,1.0,0.0,0.0,0.0,0.0,0.0,0.0,0.0,0.0,0.0
train_003,11,1,7,6,4,56,204,54,11,1,0,0.75,0.75,0.75,0.57,-3.0,-0.53,-0.5,0.0,0.0,0.0,0.0,0.0,1.0,0.0,1.0,1.0,0.0,0.0,0.0,0.0,0.0,0.0,0.0,0.0,0.0,1.0,0.0,0.0,0.0,1.0,0.0,0.0,1.0,1.0
train_003,12,1,7,7,1,61,222,56,12,1,0,0.75,0.75,0.75,-0.48,0.7,-3.0,-0.5,0.0,0.0,0.0,0.0,1.0,1.0,1.0,1.0,1.0,0.0,0.0,0.0,0.0,0.0,0.0,0.0,0.0,0.0,0.0,0.0,1.0,1.0,0.0,0.0,1.0,1.0,1.0
train_003,13,1,7,8,1,67,244,64,13,1,0,0.75,0.75,0.57,-0.48,0.7,-3.0,-0.5,0.0,0.0,1.0,1.0,1.0,1.0,1.0,1.0,1.0,0.0,0.0,0.0,0.0,0.0,0.0,0.0,0.0,0.0,0.0,1.0,0.0,0.0,0.0,0.0,1.0,1.0,0.0
train_003,14,1,7,9,1,75,274,73,14,1,0,0.75,0.75,0.75,-0.48,0.7,-3.0,-0.5,0.0,1.0,0.0,1.0,1.0,1.0,1.0,1.0,0.0,0.0,0.0,0.0,0.0,0.0,0.0,0.0,0.0,0.0,1.0,0.0,0.0,0.0,0.0,0.0,1.0,0.0,0.0
train_003,15,1,7,10,1,83,306,73,15,1,6,0.75,0.57,0.75,-0.48,0.7,-3.0,10.0,1.0,0.0,0.0,1.0,1.0,0.0,1.0,0.0,0.0,0.0,0.0,0.0,0.0,0.0,0.0,0.0,0.0,1.0,0.0,0.0,0.0,0.0,0.0,2.0,0.0,0.0,0.0
train_003,16,1,7,11,1,83,306,73,16,4,4,0.75,-3.0,-3.0,-0.48,10.7,0.5199999999999999,10.0,0.0,0.0,-1.0,1.0,0.0,-1.0,0.0,0.0,-1.0,0.0,0.0,-1.0,0.0,0.0,-1.0,0.0,1.0,-1.0,0.0,0.0,-1.0,0.0,2.0,-1.0,0.0,0.0,-1.0
train_004,0,0,11,0,6,7,18,8,0,0,1,0.57,0.75,-3.0,-3.0,-3.0,-3.0,-0.5,-1.0,-1.0,-1.0,-1.0,-1.0,-1.0,-1.0,-1.0,-1.0,-1.0,0.0,0.0,-1.0,0.0,0.0,-1.0,-1.0,-1.0,-1.0,0.0,0.0,-1.0,1.0,0.0,-1.0,-1.0,-1.0
train_004,1,0,10,0,0,8,20,10,1,1,1,-3.0,0.75,-0.48,-3.0,0.7,-3.0,-0.5,-1.0,-1.0,-1.0,-1.0,-1.0,-1.0,-1.0,-1.0,-1.0,-1.0,1.0,1.0,-1.0,0.0,0.0,-1.0,0.0,0.0,-1.0,1.0,0.0,-1.0,0.0,0.0,-1.0,1.0,0.0
train_004,2,0,10,1,1,13,40,14,2,1,1,-3.0,0.75,0.57,-0.48,0.7,-3.0,-0.5,-1.0,-1.0,-1.0,-1.0,-1.0,-1.0,-1.0,-1.0,-1.0,1.0,1.0,1.0,0.0,0.0,0.0,0.0,0.0,0.0,1.0,0.0,0.0,0.0,0.0,0.0,1.0,0.0,0.0
train_004,3,0,10,2,1,19,64,17,3,1,4,-3.0,0.57,0.57,-0.48,0.7,-3.0,-0.5,-1.0,-1.0,-1.0,-1.0,-1.0,-1.0,-1.0,-1.0,-1.0,1.0,1.0,0.0,0.0,0.0,0.0,0.0,0.0,0.0,0.0,0.0,0.0,0.0,0.0,0.0,0.0,0.0,0.0
train_004,4,0,10,3,1,23,76,20,4,0,0,0.75,-3.0,0.57,-0.48,0.7,-3.0,-0.5,-1.0,-1.0,-1.0,-1.0,-1.0,-1.0,-1.0,-1.0,-1.0,1.0,0.0,0.0,0.0,0.0,1.0,0.0,0.0,0.0,0.0,0.0,0.0,0.0,0.0,0.0,0.0,0.0,1.0
train_004,5,0,9,3,0,28,96,23,5,0,0,0.75,0.75,-0.48,-3.0,0.5199999999999999,-3.0,-0.5,-1.0,-1.0,-1.0,-1.0,-1.0,-1.0,-1.0,-1.0,-1.0,1.0,0.0,0.0,1.0,0.0,0.0,0.0,0.0,1.0,0.0,0.0,0.0,0.0,0.0,0.0,0.0,0.0,0.0
train_004,6,0,8,3,0,33,114,29,6,0,0,0.75,0.57,-0.48,-3.0,0.7,-3.0,-0.5,-1.0,-1.0,-1.0,-1.0,-1.0,-1.0,-1.0,-1.0,-1.0,0.0,0.0,1.0,1.0,0.0,0.0,1.0,0.0,0.0,0.0,0.0,0.0,0.0,0.0,0.0,0.0,0.0,0.0
train_004,7,0,7,3,0,38,132,32,7,0,0,0.75,-3.0,-0.48,0.75,0.7,-3.0,-0.5,-1.0,-1.0,-1.0,-1.0,-1.0,-1.0,-1.0,-1.0,-1.0,0.0,0.0,0.0,0.0,0.0,1.0,1.0,0.0,0.0,1.0,0.0,0.0,0.0,0.0,0.0,0.0,0.0,0.0
train_004,8,0,6,3,0,43,152,37,8,0,0,0.75,0.57,-0.48,0.75,0.5199999999999999,-3.0,-0.5,-1.0,-1.0,-1.0,-1.0,-1.0,-1.0,-1.0,-1.0,-1.0,0.0,0.0,0.0,0.0,0.0,0.0,0.0,0.0,1.0,1.0,0.0,0.0,1.0,0.0,0.0,0.0,0.0,0.0
train_004,9,0,5,3,0,48,172,41,9,0,0,0.75,0.75,-0.48,0.75,0.7,-3.0,-0.5,-1.0,-1.0,-1.0,-1.0,-1.0,-1.0,-1.0,-1.0,-1.0,0.0,0.0,0.0,0.0,0.0,0.0,0.0,0.0,0.0,1.0,0.0,0.0,1.0,0.0,0.0,1.0,0.0,0.0
train_004,10,0,4,3,0,54,196,49,10,0,0,0.75,0.75,-0.48,0.75,0.5199999999999999,-3.0,-0.5,-1.0,-1.0,-1.0,-1.0,-1.0,-1.0,-1.0,-1.0,-1.0,0.0,0.0,0.0,0.0,0.0,0.0,0.0,0.0,0.0,0.0,0.0,0.0,1.0,0.0,0.0,1.0,0.0,0.0
train_004,11,0,3,3,0,60,222,54,11,1,0,0.75,0.75,-0.48,0.75,0.7,-3.0,-0.5,-1.0,-1.0,-1.0,-1.0,-1.0,-1.0,-1.0,-1.0,-1.0,0.0,0.0,0.0,0.0,0.0,0.0,0.0,0.0,0.0,0.0,0.0,0.0,0.0,0.0,0.0,1.0,0.0,0.0
train_004,12,0,3,4,1,66,248,58,12,1,4,0.57,0.57,0.57,-0.48,0.7,-3.0,-0.5,-1.0,-1.0,-1.0,-1.0,-1.0,-1.0,-1.0,-1.0,-1.0,0.0,0.0,0.0,0.0,0.0,0.0,0.0,0.0,0.0,0.0,0.0,0.0,0.0,0.0,0.0,0.0,0.0,0.0
train_004,13,0,3,5,1,70,262,63,13,4,0,0.75,-3.0,0.75,-0.48,0.7,-3.0,-0.5,-1.0,-1.0,-1.0,-1.0,-1.0,-1.0,-1.0,-1.0,-1.0,0.0,0.0,0.0,0.0,0.0,1.0,0.0,0.0,1.0,0.0,0.0,0.0,0.0,0.0,0.0,0.0,0.0,0.0
train_004,14,1,3,5,4,78,298,68,14,1,1,0.57,0.75,0.75,0.57,0.7,-0.53,-0.5,0.0,0.0,0.0,0.0,0.0,1.0,0.0,0.0,1.0,0.0,0.0,0.0,0.0,0.0,0.0,0.0,0.0,0.0,0.0,0.0,1.0,0.0,0.0,0.0,0.0,0.0,0.0
train_004,15,1,3,6,1,85,322,77,15,1,0,0.75,0.75,0.75,-0.48,0.7,-3.0,-0.5,0.0,0.0,0.0,0.0,1.0,1.0,0.0,1.0,0.0,0.0,0.0,0.0,0.0,0.0,0.0,0.0,0.0,0.0,0.0,1.0,0.0,0.0,0.0,0.0,0.0,0.0,1.0
train_004,16,1,3,7,1,93,356,85,16,1,6,0.75,0.75,0.75,-0.48,0.7,-3.0,10.0,0.0,0.0,0.0,1.0,1.0,0.0,1.0,0.0,0.0,0.0,0.0,0.0,0.0,0.0,0.0,0.0,0.0,0.0,1.0,0.0,0.0,0.0,0.0,2.0,0.0,1.0,1.0
train_004,17,1,3,8,1,102,396,92,17,4,4,0.75,0.75,0.75,-0.48,10.7,0.5199999999999999,10.0,0.0,0.0,0.0,1.0,0.0,0.0,0.0,0.0,0.0,0.0,0.0,0.0,0.0,0.0,0.0,0.0,0.0,0.0,0.0,0.0,0.0,0.0,2.0,0.0,1.0,1.0,0.0
train_005,0,0,11,0,6,8,24,10,0,0,0,0.75,0.75,-3.0,-3.0,0.7,-3.0,-0.5,-1.0,-1.0,-1.0,-1.0,-1.0,-1.0,-1.0,-1.0,-1.0,-1.0,0.0,0.0,-1.0,0.0,0.0,-1.0,-1.0,-1.0,-1.0,0.0,0.0,-1.0,0.0,0.0,-1.0,-1.0,-1.0
train_005,1,0,10,0,0,11,34,12,1,0,0,0.75,0.75,-0.48,-3.0,0.7,-3.0,-0.5,-1.0,-1.0,-1.0,-1.0,-1.0,-1.0,-1.0,-1.0,-1.0,-1.0,0.0,1.0,-1.0,0.0,0.0,-1.0,0.0,0.0,-1.0,0.0,0.0,-1.0,0.0,0.0,-1.0,0.0,0.0
train_005,2,0,9,0,0,14,44,13,2,0,0,0.75,-3.0,-0.48,-3.0,0.7,-3.0,-0.5,-1.0,-1.0,-1.0,-1.0,-1.0,-1.0,-1.0,-1.0,-1.0,-1.0,0.0,1.0,-1.0,0.0,1.0,-1.0,0.0,0.0,-1.0,0.0,0.0,-1.0,0.0,0.0,-1.0,0.0,0.0
train_005,3,0,8,0,0,17,54,15,3,0,0,0.75,-3.0,-0.48,-3.0,0.5199999999999999,-3.0,-0.5,-1.0,-1.0,-1.0,-1.0,-1.0,-1.0,-1.0,-1.0,-1.0,-1.0,0.0,1.0,-1.0,0.0,1.0,-1.0,0.0,1.0,-1.0,0.0,0.0,-1.0,0.0,0.0,-1.0,0.0,0.0
train_005,4,0,7,0,0,21,68,19,4,0,0,0.75,-3.0,-0.48,-3.0,0.7,-3.0,-0.5,-1.0,-1.0,-1.0,-1.0,-1.0,-1.0,-1.0,-1.0,-1.0,-1.0,0.0,0.0,-1.0,0.0,1.0,-1.0,0.0,1.0,-1.0,0.0,0.0,-1.0,0.0,0.0,-1.0,0.0,0.0
train_005,5,0,6,0,0,25,84,20,5,0,0,0.75,0.75,-0.48,-3.0,0.5199999999999999,-3.0,-0.5,-1.0,-1.0,-1.0,-1.0,-1.0,-1.0,-1.0,-1.0,-1.0,-1.0,0.0,0.0,-1.0,0.0,0.0,-1.0,0.0,1.0,-1.0,0.0,0.0,-1.0,0.0,0.0,-1.0,0.0,0.0
train_005,6,0,5,0,0,27,90,19,6,1,0,0.75,0.75,-0.48,-3.0,0.7,-3.0,-0.5,-1.0,-1.0,-1.0,-1.0,-1.0,-1.0,-1.0,-1.0,-1.0,-1.0,0.0,1.0,-1.0,0.0,0.0,-1.0,0.0,0.0,-1.0,0.0,1.0,-1.0,0.0,0.0,-1.0,0.0,0.0
train_005,7,0,5,1,1,32,104,25,7,1,1,-3.0,0.75,0.57,-0.48,0.7,-3.0,-0.5,-1.0,-1.0,-1.0,-1.0,-1.0,-1.0,-1.0,-1.0,-1.0,0.0,1.0,0.0,0.0,0.0,0.0,0.0,0.0,0.0,0.0,1.0,0.0,0.0,0.0,1.0,0.0,0.0,0.0
train_005,8,0,5,2,1,36,116,29,8,0,1,0.57,0.75,0.75,-0.48,-3.0,-3.0,-0.5,-1.0,-1.0,-1.0,-1.0,-1.0,-1.0,-1.0,-1.0,-1.0,1.0,0.0,0.0,0.0,0.0,0.0,0.0,0.0,1.0,1.0,0.0,0.0,0.0,1.0,1.0,0.0,0.0,0.0
train_005,9,0,4,2,0,39,122,32,9,1,1,-3.0,0.75,-0.48,-3.0,0.7,-3.0,-0.5,-1.0,-1.0,-1.0,-1.0,-1.0,-1.0,-1.0,-1.0,-1.0,0.0,1.0,1.0,1.0,0.0,0.0,0.0,0.0,0.0,1.0,0.0,0.0,1.0,0.0,0.0,0.0,1.0,1.0
train_005,10,0,4,3,1,44,140,36,10,1,1,-3.0,0.75,0.57,-0.48,0.7,-3.0,-0.5,-1.0,-1.0,-1.0,-1.0,-1.0,-1.0,-1.0,-1.0,-1.0,1.0,1.0,0.0,0.0,0.0,0.0,0.0,0.0,0.0,0.0,0.0,0.0,0.0,0.0,0.0,1.0,1.0,1.0
train_005,11,0,4,4,1,48,154,37,11,0,0,0.75,0.75,0.75,-0.48,0.7,-3.0,-0.5,-1.0,-1.0,-1.0,-1.0,-1.0,-1.0,-1.0,-1.0,-1.0,1.0,0.0,1.0,0.0,0.0,0.0,0.0,0.0,0.0,0.0,0.0,1.0,0.0,0.0,0.0,1.0,1.0,0.0
train_005,12,0,3,4,0,52,166,39,12,0,0,0.75,-3.0,-0.48,-3.0,0.7,-3.0,-0.5,-1.0,-1.0,-1.0,-1.0,-1.0,-1.0,-1.0,-1.0,-1.0,1.0,0.0,1.0,1.0,0.0,1.0,0.0,0.0,0.0,0.0,0.0,0.0,0.0,0.0,1.0,0.0,0.0,0.0
train_005,13,0,2,4,0,56,176,42,13,0,0,10.75,-3.0,-0.48,-3.0,0.7,-3.0,10.0,-1.0,-1.0,-1.0,-1.0,-1.0,-1.0,-1.0,-1.0,-1.0,0.0,2.0,0.0,1.0,0.0,1.0,1.0,0.0,1.0,1.0,0.0,1.0,0.0,0.0,0.0,0.0,0.0,1.0
train_006,0,0,11,0,6,7,18,8,0,1,1,-3.0,0.75,-3.0,-3.0,0.7,-3.0,-0.5,-1.0,-1.0,-1.0,-1.0,-1.0,-1.0,-1.0,-1.0,-1.0,-1.0,1.0,0.0,-1.0,0.0,0.0,-1.0,-1.0,-1.0,-1.0,0.0,0.0,-1.0,0.0,0.0,-1.0,-1.0,-1.0
train_006,1,0,11,1,1,10,28,8,1,0,1,0.57,0.75,-3.0,-0.48,0.7,-3.0,-0.5,-1.0,-1.0,-1.0,-1.0,-1.0,-1.0,-1.0,-1.0,-1.0,1.0,0.0,1.0,0.0,0.0,0.0,-1.0,-1.0,-1.0,0.0,0.0,0.0,0.0,0.0,0.0,-1.0,-1.0,-1.0
train_006,2,0,10,1,0,13,30,12,2,4,4,-3.0,-3.0,-0.48,-3.0,0.7,-3.0,-0.5,-1.0,-1.0,-1.0,-1.0,-1.0,-1.0,-1.0,-1.0,-1.0,0.0,1.0,0.0,1.0,0.0,1.0,0.0,0.0,0.0,1.0,0.0,1.0,0.0,0.0,0.0,0.0,0.0,0.0
train_006,3,1,10,1,4,21,62,16,3,0,0,0.75,0.75,0.57,0.57,0.7,-0.53,-0.5,0.0,1.0,0.0,1.0,0.0,1.0,0.0,0.0,0.0,1.0,0.0,1.0,0.0,0.0,0.0,0.0,0.0,0.0,0.0,0.0,0.0,0.0,0.0,0.0,0.0,0.0,1.0
train_006,4,1,9,1,0,28,86,19,4,0,0,0.75,-3.0,-0.48,-3.0,0.7,-3.0,-0.5,0.0,0.0,0.0,0.0,1.0,0.0,1.0,0.0,1.0,0.0,0.0,0.0,1.0,0.0,1.0,0.0,0.0,0.0,1.0,1.0,0.0,0.0,0.0,0.0,0.0,0.0,0.0
train_006,5,1,8,1,0,34,108,21,5,0,0,0.75,0.75,-0.48,0.57,-3.0,0.5199999999999999,-0.5,0.0,0.0,1.0,0.0,0.0,0.0,0.0,1.0,0.0,0.0,0.0,0.0,0.0,0.0,0.0,1.0,0.0,1.0,1.0,0.0,1.0,1.0,1.0,0.0,0.0,0.0,0.0
train_006,6,1,7,1,0,41,132,28,6,1,0,0.75,0.75,-0.48,0.57,0.7,0.5199999999999999,-0.5,0.0,1.0,0.0,0.0,0.0,1.0,0.0,0.0,0.0,0.0,0.0,0.0,0.0,0.0,0.0,0.0,0.0,0.0,1.0,0.0,0.0,1.0,0.0,1.0,1.0,1.0,0.0
train_006,7,1,7,2,1,48,160,33,7,1,0,0.75,0.75,0.57,-0.48,-3.0,-3.0,-0.5,1.0,0.0,0.0,0.0,1.0,0.0,0.0,0.0,0.0,0.0,0.0,0.0,0.0,0.0,0.0,0.0,0.0,0.0,0.0,0.0,0.0,0.0,1.0,1.0,1.0,0.0,1.0
train_006,8,1,7,3,1,56,192,38,8,1,0,0.75,0.57,0.75,-0.48,-3.0,0.5199999999999999,-0.5,0.0,0.0,0.0,1.0,0.0,0.0,0.0,0.0,0.0,0.0,0.0,0.0,0.0,0.0,0.0,0.0,0.0,0.0,0.0,0.0,1.0,1.0,1.0,0.0,0.0,1.0,0.0
train_006,9,1,7,4,1,62,212,40,9,4,0,0.75,-3.0,0.57,-0.48,0.7,0.5199999999999999,-0.5,0.0,0.0,0.0,0.0,0.0,0.0,0.0,0.0,0.0,0.0,0.0,0.0,0.0,0.0,1.0,0.0,0.0,1.0,0.0,1.0,1.0,1.0,0.0,0.0,1.0,0.0,0.0
train_006,10,2,7,4,4,71,246,53,10,1,1,-3.0,0.75,0.75,-3.0,0.7,-0.53,-0.5,0.0,0.0,0.0,0.0,0.0,1.0,0.0,0.0,1.0,0.0,1.0,1.0,1.0,0.0,0.0,1.0,0.0,0.0,0.0,0.0,0.0,0.0,0.0,0.0,0.0,0.0,0.0
train_006,11,2,7,5,1,78,272,58,11,1,2,-3.0,0.57,0.75,-0.48,0.7,-3.0,-0.5,0.0,0.0,0.0,0.0,1.0,0.0,0.0,1.0,1.0,1.0,1.0,0.0,0.0,0.0,0.0,0.0,0.0,1.0,0.0,0.0,0.0,0.0,0.0,0.0,0.0,0.0,0.0
train_006,12,2,7,6,1,81,280,63,12,4,0,0.75,-3.0,-3.0,-0.48,0.7,0.7,-0.5,0.0,0.0,0.0,1.0,0.0,1.0,1.0,1.0,1.0,1.0,0.0,1.0,0.0,0.0,1.0,0.0,1.0,1.0,0.0,0.0,1.0,0.0,0.0,0.0,0.0,0.0,0.0
train_006,13,3,7,6,4,90,320,65,13,4,4,0.57,0.75,0.75,0.57,10.52,-0.53,10.0,1.0,0.0,1.0,0.0,0.0,1.0,0.0,1.0,1.0,0.0,0.0,1.0,0.0,0.0,0.0,0.0,0.0,0.0,0.0,0.0,0.0,0.0,2.0,0.0,0.0,0.0,0.0
train_007,0,0,11,0,6,7,18,10,0,0,0,0.75,0.75,-3.0,-3.0,0.7,-3.0,-0.5,-1.0,-1.0,-1.0,-1.0,-1.0,-1.0,-1.0,-1.0,-1.0,-1.0,0.0,0.0,-1.0,0.0,0.0,-1.0,-1.0,-1.0,-1.0,0.0,0.0,-1.0,0.0,1.0,-1.0,-1.0,-1.0
train_007,1,0,10,0,0,11,34,13,1,0,0,0.75,0.75,-0.48,-3.0,0.7,-3.0,-0.5,-1.0,-1.0,-1.0,-1.0,-1.0,-1.0,-1.0,-1.0,-1.0,-1.0,0.0,0.0,-1.0,0.0,0.0,-1.0,0.0,0.0,-1.0,0.0,0.0,-1.0,0.0,0.0,-1.0,0.0,1.0
train_007,2,0,9,0,0,15,50,14,2,0,1,0.57,0.75,-0.48,-3.0,0.7,-3.0,-0.5,-1.0,-1.0,-1.0,-1.0,-1.0,-1.0,-1.0,-1.0,-1.0,-1.0,0.0,0.0,-1.0,0.0,0.0,-1.0,0.0,0.0,-1.0,0.0,0.0,-1.0,0.0,0.0,-1.0,0.0,0.0
train_007,3,0,8,0,0,17,54,16,3,1,1,-3.0,0.75,-0.48,-3.0,0.7,-3.0,-0.5,-1.0,-1.0,-1.0,-1.0,-1.0,-1.0,-1.0,-1.0,-1.0,-1.0,1.0,0.0,-1.0,0.0,0.0,-1.0,0.0,0.0,-1.0,0.0,1.0,-1.0,0.0,0.0,-1.0,0.0,0.0
train_007,4,0,8,1,1,23,78,24,4,0,0,0.75,0.75,0.57,-0.48,0.5199999999999999,-3.0,-0.5,-1.0,-1.0,-1.0,-1.0,-1.0,-1.0,-1.0,-1.0,-1.0,1.0,0.0,0.0,0.0,0.0,0.0,0.0,0.0,0.0,0.0,1.0,0.0,0.0,0.0,0.0,0.0,0.0,0.0
train_007,5,0,7,1,0,29,100,27,5,0,0,0.75,0.75,-0.48,-3.0,-3.0,-3.0,-0.5,-1.0,-1.0,-1.0,-1.0,-1.0,-1.0,-1.0,-1.0,-1.0,0.0,0.0,0.0,1.0,0.0,0.0,0.0,0.0,0.0,0.0,0.0,0.0,0.0,1.0,0.0,0.0,0.0,0.0
train_007,6,0,6,1,0,32,110,29,6,0,0,0.75,0.75,-0.48,0.57,0.7,-3.0,-0.5,-1.0,-1.0,-1.0,-1.0,-1.0,-1.0,-1.0,-1.0,-1.0,1.0,0.0,1.0,0.0,0.0,0.0,1.0,0.0,0.0,1.0,0.0,0.0,0.0,0.0,0.0,0.0,1.0,0.0
train_007,7,0,5,1,0,35,114,32,7,0,0,0.75,-3.0,-0.48,-3.0,0.7,-3.0,-0.5,-1.0,-1.0,-1.0,-1.0,-1.0,-1.0,-1.0,-1.0,-1.0,1.0,0.0,1.0,1.0,0.0,1.0,0.0,0.0,0.0,0.0,1.0,0.0,1.0,0.0,0.0,0.0,0.0,0.0
train_007,8,0,4,1,0,41,134,40,8,0,0,10.75,-3.0,-0.48,-3.0,-3.0,-3.0,10.0,-1.0,-1.0,-1.0,-1.0,-1.0,-1.0,-1.0,-1.0,-1.0,0.0,2.0,0.0,1.0,0.0,1.0,1.0,0.0,1.0,0.0,0.0,0.0,0.0,1.0,0.0,1.0,0.0,0.0
train_008,0,0,11,0,6,7,18,8,0,0,1,0.57,0.75,-3.0,-3.0,0.5199999999999999,-3.0,-0.5,-1.0,-1.0,-1.0,-1.0,-1.0,-1.0,-1.0,-1.0,-1.0,-1.0,0.0,1.0,-1.0,0.0,0.0,-1.0,-1.0,-1.0,-1.0,0.0,0.0,-1.0,0.0,0.0,-1.0,-1.0,-1.0
train_008,1,0,10,0,0,9,24,11,1,4,4,-3.0,-3.0,-0.48,-3.0,0.7,-3.0,-0.5,-1.0,-1.0,-1.0,-1.0,-1.0,-1.0,-1.0,-1.0,-1.0,-1.0,1.0,1.0,-1.0,0.0,1.0,-1.0,0.0,0.0,-1.0,0.0,0.0,-1.0,0.0,0.0,-1.0,0.0,0.0
train_008,2,1,10,0,4,14,44,15,2,0,0,0.75,0.75,0.57,-3.0,0.7,-0.53,-0.5,-1.0,1.0,1.0,-1.0,0.0,1.0,-1.0,0.0,0.0,-1.0,0.0,0.0,-1.0,0.0,0.0,-1.0,0.0,0.0,-1.0,0.0,0.0,-1.0,0.0,0.0,-1.0,1.0,0.0
train_008,3,1,9,0,0,20,66,18,3,0,0,0.75,0.75,-0.48,-3.0,0.5199999999999999,-3.0,-0.5,-1.0,0.0,0.0,-1.0,1.0,1.0,-1.0,0.0,1.0,-1.0,0.0,0.0,-1.0,0.0,0.0,-1.0,0.0,0.0,-1.0,0.0,0.0,-1.0,0.0,0.0,-1.0,0.0,0.0
train_008,4,1,8,0,0,24,82,18,4,0,1,0.57,0.75,-0.48,-3.0,0.5199999999999999,0.5199999999999999,-0.5,-1.0,1.0,1.0,-1.0,0.0,0.0,-1.0,1.0,1.0,-1.0,0.0,0.0,-1.0,0.0,0.0,-1.0,0.0,0.0,-1.0,0.0,0.0,-1.0,0.0,0.0,-1.0,0.0,0.0
train_008,5,1,7,0,0,27,88,21,5,1,1,-3.0,0.75,-0.48,-3.0,0.5199999999999999,-3.0,-0.5,-1.0,0.0,1.0,-1.0,1.0,1.0,-1.0,0.0,0.0,-1.0,1.0,1.0,-1.0,0.0,0.0,-1.0,0.0,0.0,-1.0,0.0,0.0,-1.0,0.0,0.0,-1.0,0.0,0.0
train_008,6,1,7,1,1,33,108,27,6,1,1,-3.0,0.75,0.57,-0.48,0.7,-3.0,-0.5,0.0,1.0,0.0,1.0,1.0,0.0,0.0,0.0,0.0,1.0,1.0,1.0,0.0,0.0,0.0,0.0,0.0,0.0,0.0,0.0,1.0,0.0,0.0,1.0,0.0,0.0,0.0
train_008,7,1,7,2,1,42,144,36,7,1,1,-3.0,0.75,0.75,-0.48,-3.0,0.5199999999999999,-0.5,1.0,0.0,0.0,1.0,0.0,0.0,0.0,0.0,0.0,1.0,1.0,0.0,0.0,0.0,0.0,0.0,0.0,0.0,0.0,1.0,0.0,0.0,1.0,0.0,0.0,0.0,0.0
train_008,8,1,7,3,1,49,174,39,8,0,0,0.75,0.75,0.75,-0.48,0.7,0.5199999999999999,-0.5,0.0,0.0,0.0,0.0,0.0,0.0,0.0,0.0,0.0,1.0,0.0,1.0,0.0,0.0,0.0,0.0,0.0,0.0,1.0,0.0,1.0,1.0,0.0,0.0,0.0,0.0,0.0
train_008,9,1,6,3,0,55,192,44,9,0,0,0.75,-3.0,-0.48,-3.0,0.7,0.5199999999999999,-0.5,0.0,1.0,0.0,0.0,0.0,0.0,0.0,0.0,0.0,0.0,0.0,1.0,1.0,0.0,1.0,0.0,0.0,0.0,0.0,0.0,1.0,1.0,0.0,1.0,1.0,0.0,0.0
train_008,10,1,5,3,0,62,216,51,10,0,3,0.57,-3.0,-0.48,0.75,0.7,-3.0,-0.5,1.0,0.0,0.0,0.0,1.0,0.0,0.0,0.0,0.0,1.0,0.0,0.0,0.0,0.0,1.0,1.0,0.0,1.0,0.0,0.0,0.0,0.0,0.0,1.0,1.0,0.0,1.0
train_008,11,1,4,3,0,68,234,58,11,1,1,-3.0,0.75,-0.48,-3.0,0.7,0.5199999999999999,-0.5,1.0,0.0,0.0,1.0,0.0,0.0,0.0,1.0,0.0,0.0,1.0,0.0,1.0,0.0,0.0,0.0,0.0,1.0,0.0,0.0,1.0,0.0,0.0,0.0,0.0,0.0,1.0
train_008,12,1,4,4,1,75,260,64,12,0,0,0.75,0.75,-3.0,-0.48,0.5199999999999999,0.5199999999999999,-0.5,0.0,0.0,0.0,0.0,0.0,0.0,1.0,0.0,1.0,1.0,0.0,0.0,0.0,0.0,0.0,0.0,1.0,0.0,0.0,1.0,1.0,0.0,0.0,0.0,0.0,1.0,0.0
train_008,13,1,3,4,0,83,288,72,13,0,0,0.75,0.75,-0.48,-3.0,-3.0,0.5199999999999999,-0.5,0.0,0.0,0.0,0.0,0.0,0.0,0.0,0.0,0.0,0.0,0.0,1.0,1.0,0.0,0.0,0.0,0.0,0.0,0.0,0.0,0.0,0.0,1.0,1.0,0.0,0.0,0.0
train_008,14,1,2,4,0,89,314,74,14,0,6,0.75,-3.0,-0.48,0.75,0.5199999999999999,0.5199999999999999,10.0,0.0,0.0,1.0,0.0,0.0,0.0,0.0,0.0,0.0,0.0,0.0,1.0,0.0,0.0,1.0,1.0,0.0,0.0,0.0,2.0,1.0,0.0,0.0,0.0,0.0,1.0,1.0
train_008,15,1,1,4,0,98,350,74,15,4,4,0.57,-3.0,-0.48,0.57,10.7,0.5199999999999999,10.0,0.0,0.0,0.0,0.0,0.0,1.0,0.0,0.0,0.0,0.0,0.0,0.0,0.0,0.0,1.0,0.0,0.0,1.0,0.0,0.0,0.0,0.0,2.0,1.0,0.0,0.0,0.0
train_009,0,0,11,0,6,8,24,9,0,0,0,0.75,0.75,-3.0,-3.0,0.7,-3.0,-0.5,-1.0,-1.0,-1.0,-1.0,-1.0,-1.0,-1.0,-1.0,-1.0,-1.0,0.0,0.0,-1.0,0.0,0.0,-1.0,-1.0,-1.0,-1.0,0.0,0.0,-1.0,0.0,0.0,-1.0,-1.0,-1.0
train_009,1,0,10,0,0,11,34,10,1,0,4,0.57,0.57,-0.48,-3.0,0.7,-3.0,-0.5,-1.0,-1.0,-1.0,-1.0,-1.0,-1.0,-1.0,-1.0,-1.0,-1.0,0.0,1.0,-1.0,0.0,0.0,-1.0,0.0,0.0,-1.0,0.0,0.0,-1.0,0.0,0.0,-1.0,0.0,0.0
train_009,2,0,9,0,0,14,42,14,2,4,4,-3.0,-3.0,-0.48,-3.0,0.5199999999999999,-3.0,-0.5,-1.0,-1.0,-1.0,-1.0,-1.0,-1.0,-1.0,-1.0,-1.0,-1.0,1.0,0.0,-1.0,0.0,1.0,-1.0,0.0,0.0,-1.0,0.0,0.0,-1.0,0.0,0.0,-1.0,0.0,0.0
train_009,3,1,9,0,4,18,54,19,3,0,0,0.75,0.75,0.57,-3.0,-3.0,-0.53,-0.5,-1.0,1.0,0.0,-1.0,0.0,1.0,-1.0,0.0,0.0,-1.0,0.0,0.0,-1.0,0.0,0.0,-1.0,0.0,0.0,-1.0,0.0,1.0,-1.0,1.0,0.0,-1.0,0.0,0.0
train_009,4,1,8,0,0,24,76,22,4,1,0,0.75,0.75,-0.48,-3.0,0.7,-3.0,-0.5,-1.0,0.0,0.0,-1.0,1.0,0.0,-1.0,0.0,1.0,-1.0,0.0,0.0,-1.0,0.0,0.0,-1.0,0.0,0.0,-1.0,0.0,0.0,-1.0,0.0,1.0,-1.0,1.0,0.0
train_009,5,1,8,1,1,31,104,30,5,1,0,0.75,0.75,0.57,-0.48,-3.0,0.5199999999999999,-0.5,0.0,0.0,1.0,1.0,0.0,0.0,0.0,1.0,1.0,0.0,0.0,0.0,0.0,0.0,0.0,0.0,0.0,0.0,0.0,0.0,0.0,0.0,1.0,0.0,1.0,0.0,0.0
train_009,6,1,8,2,1,39,138,36,6,1,0,0.75,0.75,0.75,-0.48,0.7,0.5199999999999999,-0.5,0.0,1.0,1.0,0.0,0.0,0.0,1.0,1.0,0.0,0.0,0.0,0.0,0.0,0.0,0.0,0.0,0.0,0.0,0.0,0.0,0.0,1.0,0.0,0.0,0.0,0.0,0.0
train_009,7,1,8,3,1,46,164,40,7,4,0,0.75,0.75,0.75,-0.48,0.7,0.5199999999999999,-0.5,1.0,1.0,0.0,0.0,0.0,1.0,1.0,0.0,0.0,0.0,0.0,0.0,0.0,0.0,0.0,0.0,0.0,0.0,0.0,0.0,1.0,0.0,0.0,0.0,0.0,0.0,0.0
train_009,8,2,8,3,4,54,196,46,8,4,0,0.75,0.57,0.75,0.57,0.7,-0.53,-0.5,0.0,0.0,0.0,0.0,0.0,0.0,0.0,0.0,0.0,0.0,0.0,1.0,0.0,0.0,0.0,0.0,0.0,0.0,0.0,0.0,0.0,0.0,0.0,0.0,0.0,1.0,0.0
train_009,9,3,8,3,4,61,226,44,9,4,4,0.57,0.75,-3.0,0.75,10.52,-0.53,10.0,0.0,0.0,1.0,0.0,0.0,0.0,0.0,0.0,0.0,0.0,0.0,0.0,0.0,0.0,0.0,0.0,1.0,0.0,0.0,0.0,0.0,0.0,2.0,0.0,1.0,1.0,0.0
train_010,0,0,11,0,6,7,18,8,0,1,0,0.75,0.75,-3.0,-3.0,0.7,-3.0,-0.5,-1.0,-1.0,-1.0,-1.0,-1.0,-1.0,-1.0,-1.0,-1.0,-1.0,0.0,1.0,-1.0,0.0,0.0,-1.0,-1.0,-1.0,-1.0,0.0,0.0,-1.0,0.0,0.0,-1.0,-1.0,-1.0
train_010,1,0,11,1,1,10,26,8,1,1,1,-3.0,0.75,-3.0,-0.48,0.7,-3.0,-0.5,-1.0,-1.0,-1.0,-1.0,-1.0,-1.0,-1.0,-1.0,-1.0,0.0,1.0,0.0,0.0,0.0,0.0,-1.0,-1.0,-1.0,0.0,0.0,1.0,0.0,0.0,0.0,-1.0,-1.0,-1.0
train_010,2,0,11,2,1,12,28,10,2,1,1,0.57,0.75,-3.0,-0.48,0.7,-3.0,-0.5,-1.0,-1.0,-1.0,-1.0,-1.0,-1.0,-1.0,-1.0,-1.0,1.0,0.0,1.0,0.0,0.0,0.0,-1.0,-1.0,-1.0,0.0,1.0,0.0,0.0,0.0,1.0,-1.0,-1.0,-1.0
train_010,3,0,11,3,1,15,36,13,3,1,1,-3.0,0.75,-3.0,-0.48,-3.0,-3.0,-0.5,-1.0,-1.0,-1.0,-1.0,-1.0,-1.0,-1.0,-1.0,-1.0,0.0,1.0,1.0,0.0,0.0,0.0,-1.0,-1.0,-1.0,1.0,0.0,0.0,0.0,1.0,0.0,-1.0,-1.0,-1.0
train_010,4,0,11,4,1,19,50,16,4,1,1,-3.0,0.75,-3.0,-0.48,0.7,-3.0,-0.5,-1.0,-1.0,-1.0,-1.0,-1.0,-1.0,-1.0,-1.0,-1.0,1.0,1.0,0.0,0.0,0.0,0.0,-1.0,-1.0,-1.0,0.0,0.0,0.0,1.0,0.0,0.0,-1.0,-1.0,-1.0
train_010,5,0,11,5,1,23,66,18,5,1,1,0.57,0.75,-3.0,-0.48,0.7,-3.0,-0.5,-1.0,-1.0,-1.0,-1.0,-1.0,-1.0,-1.0,-1.0,-1.0,1.0,0.0,0.0,0.0,0.0,0.0,-1.0,-1.0,-1.0,0.0,0.0,0.0,0.0,0.0,0.0,-1.0,-1.0,-1.0
train_010,6,0,11,6,1,27,82,21,6,1,1,0.57,0.75,-3.0,-0.48,0.5199999999999999,-3.0,-0.5,-1.0,-1.0,-1.0,-1.0,-1.0,-1.0,-1.0,-1.0,-1.0,0.0,0.0,0.0,0.0,0.0,0.0,-1.0,-1.0,-1.0,0.0,0.0,0.0,0.0,0.0,0.0,-1.0,-1.0,-1.0
train_010,7,0,11,7,1,30,92,22,7,1,0,0.75,0.75,-3.0,-0.48,0.7,-3.0,-0.5,-1.0,-1.0,-1.0,-1.0,-1.0,-1.0,-1.0,-1.0,-1.0,0.0,0.0,1.0,0.0,0.0,0.0,-1.0,-1.0,-1.0,0.0,0.0,0.0,0.0,0.0,0.0,-1.0,-1.0,-1.0
train_010,8,0,11,8,1,34,106,27,8,1,1,-3.0,0.75,-3.0,-0.48,0.5199999999999999,-3.0,-0.5,-1.0,-1.0,-1.0,-1.0,-1.0,-1.0,-1.0,-1.0,-1.0,0.0,1.0,0.0,0.0,0.0,0.0,-1.0,-1.0,-1.0,0.0,0.0,0.0,0.0,0.0,0.0,-1.0,-1.0,-1.0
train_010,9,0,11,9,1,38,122,30,9,4,0,0.75,0.75,-3.0,-0.48,0.7,-3.0,-0.5,-1.0,-1.0,-1.0,-1.0,-1.0,-1.0,-1.0,-1.0,-1.0,1.0,0.0,0.0,0.0,0.0,0.0,-1.0,-1.0,-1.0,0.0,0.0,0.0,0.0,0.0,0.0,-1.0,-1.0,-1.0
train_010,10,1,11,9,4,43,142,35,10,4,0,0.75,0.57,-3.0,0.57,0.7,-0.53,-0.5,1.0,0.0,0.0,0.0,0.0,0.0,-1.0,-1.0,-1.0,0.0,0.0,0.0,0.0,0.0,0.0,-1.0,-1.0,-1.0,0.0,0.0,0.0,1.0,0.0,0.0,-1.0,-1.0,-1.0
train_010,11,2,11,9,4,47,156,37,11,4,4,0.75,0.75,-3.0,-3.0,10.52,-0.53,10.0,0.0,0.0,0.0,0.0,0.0,0.0,-1.0,-1.0,-1.0,0.0,0.0,0.0,1.0,0.0,0.0,-1.0,-1.0,-1.0,0.0,0.0,1.0,1.0,2.0,0.0,-1.0,-1.0,-1.0
train_011,0,0,11,0,6,6,12,6,0,1,1,-3.0,0.75,-3.0,-3.0,0.7,-3.0,-0.5,-1.0,-1.0,-1.0,-1.0,-1.0,-1.0,-1.0,-1.0,-1.0,-1.0,1.0,0.0,-1.0,0.0,0.0,-1.0,-1.0,-1.0,-1.0,0.0,0.0,-1.0,0.0,1.0,-1.0,-1.0,-1.0
train_011,1,0,11,1,1,10,26,11,1,1,1,0.57,0.75,-3.0,-0.48,-3.0,-3.0,-0.5,-1.0,-1.0,-1.0,-1.0,-1.0,-1.0,-1.0,-1.0,-1.0,1.0,0.0,0.0,0.0,0.0,0.0,-1.0,-1.0,-1.0,0.0,0.0,0.0,0.0,1.0,0.0,-1.0,-1.0,-1.0
train_011,2,0,11,2,1,14,42,12,2,1,0,0.75,0.75,-3.0,-0.48,0.7,-3.0,-0.5,-1.0,-1.0,-1.0,-1.0,-1.0,-1.0,-1.0,-1.0,-1.0,0.0,0.0,0.0,0.0,0.0,0.0,-1.0,-1.0,-1.0,0.0,0.0,0.0,1.0,0.0,0.0,-1.0,-1.0,-1.0
train_011,3,0,11,3,1,16,46,14,3,1,0,0.75,0.75,-3.0,-0.48,0.7,-3.0,-0.5,-1.0,-1.0,-1.0,-1.0,-1.0,-1.0,-1.0,-1.0,-1.0,0.0,0.0,1.0,0.0,0.0,0.0,-1.0,-1.0,-1.0,0.0,0.0,0.0,0.0,0.0,1.0,-1.0,-1.0,-1.0
train_011,4,0,11,4,1,20,58,18,4,1,1,-3.0,0.75,-3.0,-0.48,-3.0,-3.0,-0.5,-1.0,-1.0,-1.0,-1.0,-1.0,-1.0,-1.0,-1.0,-1.0,0.0,1.0,0.0,0.0,0.0,0.0,-1.0,-1.0,-1.0,0.0,0.0,0.0,0.0,1.0,0.0,-1.0,-1.0,-1.0
train_011,5,0,11,5,1,24,74,21,5,1,1,0.57,0.75,-3.0,-0.48,0.7,-3.0,-0.5,-1.0,-1.0,-1.0,-1.0,-1.0,-1.0,-1.0,-1.0,-1.0,1.0,0.0,0.0,0.0,0.0,0.0,-1.0,-1.0,-1.0,0.0,0.0,0.0,1.0,0.0,0.0,-1.0,-1.0,-1.0
train_011,6,0,11,6,1,28,90,23,6,1,0,0.75,0.75,-3.0,-0.48,0.7,-3.0,-0.5,-1.0,-1.0,-1.0,-1.0,-1.0,-1.0,-1.0,-1.0,-1.0,0.0,0.0,0.0,0.0,0.0,0.0,-1.0,-1.0,-1.0,0.0,0.0,0.0,0.0,0.0,0.0,-1.0,-1.0,-1.0
train_011,7,0,11,7,1,32,106,26,7,1,0,0.75,0.75,-3.0,-0.48,0.5199999999999999,-3.0,-0.5,-1.0,-1.0,-1.0,-1.0,-1.0,-1.0,-1.0,-1.0,-1.0,0.0,0.0,0.0,0.0,0.0,0.0,-1.0,-1.0,-1.0,0.0,0.0,0.0,0.0,0.0,0.0,-1.0,-1.0,-1.0
train_011,8,0,11,8,1,36,122,29,8,1,0,0.75,0.75,-3.0,-0.48,0.7,-3.0,-0.5,-1.0,-1.0,-1.0,-1.0,-1.0,-1.0,-1.0,-1.0,-1.0,0.0,0.0,0.0,0.0,0.0,0.0,-1.0,-1.0,-1.0,0.0,0.0,0.0,0.0,0.0,0.0,-1.0,-1.0,-1.0
train_011,9,0,11,9,1,39,132,29,9,1,0,0.75,0.57,-3.0,-0.48,0.7,-3.0,-0.5,-1.0,-1.0,-1.0,-1.0,-1.0,-1.0,-1.0,-1.0,-1.0,0.0,0.0,0.0,0.0,0.0,0.0,-1.0,-1.0,-1.0,0.0,0.0,1.0,0.0,0.0,0.0,-1.0,-1.0,-1.0
train_011,10,0,11,10,1,41,136,30,10,4,0,0.75,-3.0,-3.0,-0.48,0.7,-3.0,-0.5,-1.0,-1.0,-1.0,-1.0,-1.0,-1.0,-1.0,-1.0,-1.0,0.0,0.0,0.0,0.0,0.0,1.0,-1.0,-1.0,-1.0,0.0,1.0,0.0,0.0,0.0,1.0,-1.0,-1.0,-1.0
train_011,11,1,11,10,4,46,152,34,11,4,4,-3.0,-3.0,-3.0,0.57,0.7,-0.53,-0.5,0.0,0.0,0.0,0.0,0.0,1.0,-1.0,-1.0,-1.0,0.0,1.0,0.0,0.0,0.0,1.0,-1.0,-1.0,-1.0,0.0,0.0,1.0,0.0,0.0,0.0,-1.0,-1.0,-1.0
train_011,12,2,11,10,4,51,170,37,12,4,4,0.75,0.57,-3.0,0.75,10.52,-0.53,10.0,0.0,1.0,0.0,0.0,0.0,1.0,-1.0,-1.0,-1.0,0.0,0.0,1.0,0.0,0.0,0.0,-1.0,-1.0,-1.0,0.0,0.0,0.0,1.0,2.0,0.0,-1.0,-1.0,-1.0
train_012,0,0,11,0,6,8,24,9,0,0,0,0.75,0.75,-3.0,-3.0,0.7,-3.0,-0.5,-1.0,-1.0,-1.0,-1.0,-1.0,-1.0,-1.0,-1.0,-1.0,-1.0,0.0,0.0,-1.0,0.0,0.0,-1.0,-1.0,-1.0,-1.0,0.0,0.0,-1.0,0.0,0.0,-1.0,-1.0,-1.0
train_012,1,0,10,0,0,11,34,10,1,0,1,0.57,0.75,-0.48,-3.0,0.5199999999999999,-3.0,-0.5,-1.0,-1.0,-1.0,-1.0,-1.0,-1.0,-1.0,-1.0,-1.0,-1.0,0.0,0.0,-1.0,0.0,0.0,-1.0,0.0,0.0,-1.0,1.0,0.0,-1.0,0.0,0.0,-1.0,0.0,0.0
train_012,2,0,9,0,0,14,42,15,2,1,1,-3.0,0.75,-0.48,-3.0,-3.0,-3.0,-0.5,-1.0,-1.0,-1.0,-1.0,-1.0,-1.0,-1.0,-1.0,-1.0,-1.0,1.0,0.0,-1.0,0.0,0.0,-1.0,0.0,0.0,-1.0,0.0,0.0,-1.0,1.0,0.0,-1.0,0.0,0.0
train_012,3,0,9,1,1,19,62,16,3,0,0,0.75,0.57,0.57,-0.48,0.5199999999999999,-3.0,-0.5,-1.0,-1.0,-1.0,-1.0,-1.0,-1.0,-1.0,-1.0,-1.0,1.0,0.0,0.0,0.0,0.0,0.0,0.0,0.0,0.0,0.0,0.0,0.0,1.0,0.0,0.0,0.0,0.0,1.0
train_012,4,0,8,1,0,25,86,20,4,0,0,0.75,0.75,-0.48,-3.0,0.7,-3.0,-0.5,-1.0,-1.0,-1.0,-1.0,-1.0,-1.0,-1.0,-1.0,-1.0,0.0,0.0,0.0,1.0,0.0,0.0,0.0,0.0,0.0,0.0,0.0,0.0,0.0,0.0,0.0,1.0,0.0,0.0
train_012,5,0,7,1,0,30,104,21,5,0,1,0.57,0.75,-0.48,0.57,0.7,-3.0,-0.5,-1.0,-1.0,-1.0,-1.0,-1.0,-1.0,-1.0,-1.0,-1.0,0.0,0.0,0.0,0.0,0.0,0.0,1.0,0.0,0.0,0.0,1.0,0.0,0.0,0.0,0.0,0.0,0.0,0.0
train_012,6,0,6,1,0,35,120,26,6,1,1,-3.0,0.57,-0.48,0.57,-3.0,-3.0,-0.5,-1.0,-1.0,-1.0,-1.0,-1.0,-1.0,-1.0,-1.0,-1.0,0.0,1.0,0.0,0.0,0.0,0.0,0.0,0.0,0.0,0.0,0.0,0.0,0.0,1.0,0.0,0.0,0.0,0.0
train_012,7,0,6,2,1,39,132,29,7,0,0,0.75,-3.0,0.57,-0.48,0.7,-3.0,-0.5,-1.0,-1.0,-1.0,-1.0,-1.0,-1.0,-1.0,-1.0,-1.0,1.0,0.0,0.0,0.0,0.0,1.0,0.0,0.0,0.0,0.0,0.0,0.0,1.0,0.0,1.0,0.0,0.0,0.0
train_012,8,0,5,2,0,45,156,37,8,0,0,0.75,0.57,-0.48,-3.0,0.7,-3.0,-0.5,-1.0,-1.0,-1.0,-1.0,-1.0,-1.0,-1.0,-1.0,-1.0,0.0,0.0,0.0,1.0,0.0,0.0,0.0,0.0,1.0,0.0,0.0,0.0,0.0,0.0,0.0,1.0,0.0,1.0
train_012,9,0,4,2,0,51,182,42,9,0,1,0.57,0.75,-0.48,0.75,0.7,-3.0,-0.5,-1.0,-1.0,-1.0,-1.0,-1.0,-1.0,-1.0,-1.0,-1.0,0.0,0.0,0.0,0.0,0.0,0.0,1.0,0.0,0.0,0.0,0.0,0.0,0.0,0.0,0.0,0.0,0.0,0.0
train_012,10,0,3,2,0,56,200,44,10,1,1,-3.0,0.75,-0.48,0.75,0.7,-3.0,-0.5,-1.0,-1.0,-1.0,-1.0,-1.0,-1.0,-1.0,-1.0,-1.0,0.0,1.0,0.0,0.0,0.0,0.0,0.0,0.0,0.0,0.0,0.0,0.0,0.0,0.0,0.0,0.0,0.0,0.0
train_012,11,0,3,3,1,61,220,45,11,0,0,0.75,0.75,0.57,-0.48,0.7,-3.0,-0.5,-1.0,-1.0,-1.0,-1.0,-1.0,-1.0,-1.0,-1.0,-1.0,1.0,0.0,0.0,0.0,0.0,0.0,0.0,0.0,0.0,0.0,0.0,1.0,0.0,0.0,0.0,0.0,0.0,0.0
train_012,12,0,2,3,0,66,234,52,12,0,0,0.75,0.75,-0.48,-3.0,0.7,-3.0,-0.5,-1.0,-1.0,-1.0,-1.0,-1.0,-1.0,-1.0,-1.0,-1.0,0.0,0.0,0.0,1.0,0.0,0.0,0.0,0.0,0.0,0.0,1.0,0.0,0.0,0.0,1.0,0.0,0.0,0.0
train_012,13,0,1,3,0,71,252,52,13,0,1,0.57,0.75,-0.48,0.75,-3.0,-3.0,-0.5,-1.0,-1.0,-1.0,-1.0,-1.0,-1.0,-1.0,-1.0,-1.0,0.0,0.0,0.0,0.0,0.0,0.0,1.0,0.0,0.0,1.0,0.0,0.0,0.0,1.0,0.0,0.0,0.0,1.0
train_012,14,0,0,3,0,71,252,52,14,1,1,-3.0,0.75,-0.48,0.75,0.5199999999999999,-3.0,-0.5,-1.0,-1.0,-1.0,-1.0,-1.0,-1.0,-1.0,-1.0,-1.0,-1.0,-1.0,-1.0,0.0,0.0,0.0,0.0,0.0,0.0,-1.0,-1.0,-1.0,1.0,0.0,0.0,0.0,1.0,0.0
train_012,15,0,0,4,1,75,268,56,15,1,1,-3.0,0.75,0.57,-0.48,0.7,-3.0,-0.5,-1.0,-1.0,-1.0,-1.0,-1.0,-1.0,-1.0,-1.0,-1.0,-1.0,-1.0,-1.0,0.0,0.0,0.0,0.0,0.0,0.0,-1.0,-1.0,-1.0,0.0,0.0,0.0,1.0,0.0,0.0
train_012,16,0,0,5,1,79,284,57,16,4,1,-3.0,0.75,0.75,-0.48,0.7,-3.0,-0.5,-1.0,-1.0,-1.0,-1.0,-1.0,-1.0,-1.0,-1.0,-1.0,-1.0,-1.0,-1.0,0.0,0.0,0.0,0.0,0.0,0.0,-1.0,-1.0,-1.0,0.0,0.0,0.0,0.0,0.0,0.0
train_012,17,1,0,5,4,85,310,59,17,4,4,-3.0,0.57,0.75,0.57,10.7,-0.53,10.0,-1.0,-1.0,-1.0,0.0,0.0,0.0,0.0,0.0,0.0,-1.0,-1.0,-1.0,0.0,0.0,0.0,0.0,0.0,0.0,-1.0,-1.0,-1.0,0.0,2.0,0.0,0.0,0.0,0.0
train_013,0,0,11,0,6,6,12,8,0,0,0,0.75,0.75,-3.0,-3.0,-3.0,-3.0,-0.5,-1.0,-1.0,-1.0,-1.0,-1.0,-1.0,-1.0,-1.0,-1.0,-1.0,0.0,1.0,-1.0,0.0,0.0,-1.0,-1.0,-1.0,-1.0,0.0,0.0,-1.0,1.0,0.0,-1.0,-1.0,-1.0
train_013,1,0,10,0,0,10,26,13,1,0,0,0.75,-3.0,-0.48,-3.0,0.7,-3.0,-0.5,-1.0,-1.0,-1.0,-1.0,-1.0,-1.0,-1.0,-1.0,-1.0,-1.0,0.0,0.0,-1.0,0.0,1.0,-1.0,0.0,0.0,-1.0,0.0,0.0,-1.0,0.0,0.0,-1.0,1.0,0.0
train_013,2,0,9,0,0,14,42,17,2,0,0,0.75,0.75,-0.48,-3.0,0.7,-3.0,-0.5,-1.0,-1.0,-1.0,-1.0,-1.0,-1.0,-1.0,-1.0,-1.0,-1.0,0.0,0.0,-1.0,0.0,0.0,-1.0,0.0,1.0,-1.0,0.0,0.0,-1.0,0.0,0.0,-1.0,0.0,0.0
train_013,3,0,8,0,0,18,58,19,3,1,0,0.75,0.75,-0.48,-3.0,0.7,-3.0,-0.5,-1.0,-1.0,-1.0,-1.0,-1.0,-1.0,-1.0,-1.0,-1.0,-1.0,0.0,0.0,-1.0,0.0,0.0,-1.0,0.0,0.0,-1.0,0.0,0.0,-1.0,0.0,0.0,-1.0,0.0,0.0
train_013,4,0,8,1,1,24,84,25,4,1,4,0.57,0.57,0.57,-0.48,0.7,-3.0,-0.5,-1.0,-1.0,-1.0,-1.0,-1.0,-1.0,-1.0,-1.0,-1.0,0.0,0.0,0.0,0.0,0.0,0.0,0.0,0.0,0.0,0.0,0.0,0.0,0.0,0.0,0.0,0.0,0.0,0.0
train_013,5,0,8,2,1,29,102,31,5,4,0,0.75,-3.0,0.75,-0.48,0.7,-3.0,-0.5,-1.0,-1.0,-1.0,-1.0,-1.0,-1.0,-1.0,-1.0,-1.0,0.0,0.0,0.0,0.0,0.0,1.0,0.0,0.0,0.0,0.0,0.0,0.0,0.0,0.0,0.0,0.0,0.0,0.0
train_013,6,1,8,2,4,38,144,39,6,1,0,0.75,0.75,0.75,0.57,0.5199999999999999,-0.53,-0.5,0.0,0.0,0.0,0.0,0.0,1.0,0.0,0.0,0.0,0.0,0.0,0.0,0.0,0.0,0.0,0.0,0.0,0.0,0.0,0.0,0.0,0.0,0.0,0.0,0.0,0.0,0.0
train_013,7,1,8,3,1,46,178,48,7,1,0,0.75,0.75,0.75,-0.48,0.7,-3.0,-0.5,0.0,0.0,1.0,0.0,1.0,0.0,0.0,0.0,0.0,0.0,0.0,0.0,0.0,0.0,0.0,0.0,0.0,0.0,0.0,0.0,0.0,0.0,0.0,0.0,0.0,0.0,0.0
train_013,8,1,8,4,1,55,218,54,8,1,0,0.75,0.75,0.75,-0.48,0.7,0.5199999999999999,-0.5,0.0,1.0,0.0,1.0,0.0,0.0,0.0,0.0,0.0,0.0,0.0,0.0,0.0,0.0,0.0,0.0,0.0,0.0,0.0,0.0,0.0,0.0,0.0,0.0,0.0,0.0,0.0
train_013,9,1,8,5,1,61,242,56,9,1,0,0.75,0.75,0.57,-0.48,0.7,0.5199999999999999,-0.5,1.0,0.0,1.0,0.0,0.0,0.0,0.0,0.0,1.0,0.0,0.0,0.0,0.0,0.0,0.0,0.0,0.0,0.0,0.0,0.0,1.0,0.0,0.0,0.0,0.0,0.0,0.0
train_013,10,1,8,6,1,66,260,60,10,1,0,0.75,0.75,0.57,-0.48,0.7,0.5199999999999999,-0.5,0.0,1.0,1.0,0.0,0.0,1.0,0.0,1.0,1.0,0.0,0.0,1.0,0.0,0.0,0.0,0.0,0.0,0.0,0.0,1.0,0.0,0.0,0.0,0.0,0.0,0.0,0.0
train_013,11,1,8,7,1,75,294,68,11,1,1,-3.0,0.75,0.57,-0.48,0.5199999999999999,-3.0,-0.5,1.0,1.0,0.0,0.0,1.0,0.0,1.0,1.0,0.0,0.0,1.0,0.0,0.0,0.0,0.0,0.0,0.0,0.0,1.0,0.0,0.0,0.0,0.0,0.0,0.0,0.0,0.0
train_013,12,1,8,8,1,80,314,70,12,1,6,0.75,0.75,0.75,-0.48,0.7,0.5199999999999999,10.0,1.0,0.0,1.0,1.0,0.0,0.0,1.0,0.0,0.0,1.0,0.0,1.0,0.0,0.0,0.0,0.0,0.0,0.0,0.0,0.0,1.0,0.0,0.0,2.0,0.0,0.0,1.0
train_013,13,1,8,9,1,86,334,72,13,4,4,-3.0,0.75,0.75,-0.48,10.7,0.5199999999999999,10.0,0.0,1.0,1.0,0.0,0.0,0.0,0.0,0.0,1.0,0.0,1.0,0.0,0.0,0.0,0.0,0.0,0.0,0.0,0.0,1.0,1.0,0.0,2.0,0.0,0.0,1.0,0.0
train_014,0,0,11,0,6,7,18,8,0,0,0,0.75,0.75,-3.0,-3.0,0.5199999999999999,-3.0,-0.5,-1.0,-1.0,-1.0,-1.0,-1.0,-1.0,-1.0,-1.0,-1.0,-1.0,0.0,1.0,-1.0,0.0,0.0,-1.0,-1.0,-1.0,-1.0,0.0,0.0,-1.0,0.0,0.0,-1.0,-1.0,-1.0
train_014,1,0,10,0,0,10,26,9,1,0,4,0.57,-3.0,-0.48,-3.0,0.7,-3.0,-0.5,-1.0,-1.0,-1.0,-1.0,-1.0,-1.0,-1.0,-1.0,-1.0,-1.0,0.0,0.0,-1.0,0.0,1.0,-1.0,0.0,0.0,-1.0,0.0,1.0,-1.0,0.0,0.0,-1.0,0.0,0.0
train_014,2,0,9,0,0,12,30,12,2,1,1,-3.0,0.75,-0.48,-3.0,0.7,-3.0,-0.5,-1.0,-1.0,-1.0,-1.0,-1.0,-1.0,-1.0,-1.0,-1.0,-1.0,1.0,0.0,-1.0,0.0,0.0,-1.0,0.0,1.0,-1.0,1.0,0.0,-1.0,0.0,1.0,-1.0,0.0,0.0
train_014,3,0,9,1,1,18,52,19,3,0,0,0.75,0.75,-3.0,-0.48,-3.0,-3.0,-0.5,-1.0,-1.0,-1.0,-1.0,-1.0,-1.0,-1.0,-1.0,-1.0,1.0,0.0,0.0,0.0,0.0,0.0,0.0,1.0,0.0,1.0,0.0,0.0,0.0,1.0,0.0,0.0,0.0,0.0
train_014,4,0,8,1,0,22,62,21,4,1,0,0.75,0.57,-0.48,-3.0,0.7,-3.0,-0.5,-1.0,-1.0,-1.0,-1.0,-1.0,-1.0,-1.0,-1.0,-1.0,1.0,0.0,0.0,1.0,0.0,0.0,0.0,0.0,0.0,0.0,1.0,0.0,1.0,0.0,0.0,0.0,1.0,0.0
train_014,5,0,8,2,1,25,72,23,5,4,0,0.75,-3.0,0.57,-0.48,0.7,-3.0,-0.5,-1.0,-1.0,-1.0,-1.0,-1.0,-1.0,-1.0,-1.0,-1.0,0.0,0.0,1.0,0.0,0.0,1.0,0.0,0.0,0.0,1.0,0.0,1.0,0.0,0.0,0.0,1.0,0.0,0.0
train_014,6,1,8,2,4,33,102,35,6,1,0,0.75,0.75,0.57,0.57,0.7,-0.53,-0.5,0.0,0.0,1.0,0.0,0.0,1.0,0.0,0.0,0.0,1.0,0.0,1.0,0.0,0.0,0.0,1.0,0.0,0.0,0.0,0.0,0.0,0.0,0.0,0.0,0.0,0.0,1.0
train_014,7,1,8,3,1,42,136,42,7,1,1,-3.0,0.75,0.57,-0.48,0.7,-3.0,-0.5,0.0,1.0,0.0,0.0,1.0,0.0,0.0,0.0,0.0,0.0,1.0,0.0,0.0,0.0,0.0,0.0,0.0,0.0,0.0,0.0,0.0,0.0,0.0,0.0,0.0,1.0,0.0
train_014,8,1,8,4,1,47,154,43,8,1,0,0.75,0.75,0.75,-0.48,0.7,0.5199999999999999,-0.5,1.0,0.0,1.0,1.0,0.0,0.0,0.0,0.0,1.0,1.0,0.0,0.0,0.0,0.0,0.0,0.0,0.0,0.0,0.0,0.0,0.0,0.0,0.0,1.0,1.0,0.0,1.0
train_014,9,1,8,5,1,55,180,52,9,1,0,0.75,0.75,0.57,-0.48,-3.0,0.5199999999999999,-0.5,0.0,1.0,0.0,0.0,0.0,0.0,0.0,1.0,0.0,0.0,0.0,1.0,0.0,0.0,0.0,0.0,0.0,0.0,0.0,0.0,0.0,0.0,1.0,0.0,0.0,1.0,0.0
train_014,10,1,8,6,1,62,208,56,10,1,6,-3.0,0.57,0.75,-0.48,0.7,0.5199999999999999,10.0,1.0,0.0,1.0,0.0,0.0,0.0,1.0,0.0,0.0,0.0,1.0,0.0,0.0,0.0,0.0,0.0,0.0,0.0,0.0,0.0,0.0,1.0,0.0,2.0,1.0,0.0,1.0
train_014,11,1,8,7,1,67,220,59,11,4,4,0.75,-3.0,0.75,-0.48,10.7,0.5199999999999999,10.0,0.0,1.0,1.0,0.0,0.0,0.0,0.0,0.0,0.0,1.0,0.0,0.0,0.0,0.0,1.0,0.0,0.0,1.0,0.0,0.0,1.0,0.0,2.0,0.0,0.0,1.0,0.0
train_015,0,0,11,0,6,7,18,10,0,0,0,0.75,0.75,-3.0,-3.0,0.7,-3.0,-0.5,-1.0,-1.0,-1.0,-1.0,-1.0,-1.0,-1.0,-1.0,-1.0,-1.0,0.0,0.0,-1.0,0.0,0.0,-1.0,-1.0,-1.0,-1.0,1.0,0.0,-1.0,0.0,0.0,-1.0,-1.0,-1.0
train_015,1,0,10,0,0,10,28,11,1,0,0,0.75,0.75,-0.48,-3.0,-3.0,-3.0,-0.5,-1.0,-1.0,-1.0,-1.0,-1.0,-1.0,-1.0,-1.0,-1.0,-1.0,0.0,0.0,-1.0,0.0,0.0,-1.0,0.0,0.0,-1.0,1.0,0.0,-1.0,1.0,0.0,-1.0,0.0,0.0
train_015,2,0,9,0,0,13,36,14,2,0,0,0.75,0.75,-0.48,-3.0,-3.0,-3.0,-0.5,-1.0,-1.0,-1.0,-1.0,-1.0,-1.0,-1.0,-1.0,-1.0,-1.0,0.0,0.0,-1.0,0.0,0.0,-1.0,0.0,0.0,-1.0,0.0,1.0,-1.0,1.0,0.0,-1.0,1.0,0.0
train_015,3,0,8,0,0,17,50,19,3,0,0,0.75,0.75,-0.48,-3.0,0.7,-3.0,-0.5,-1.0,-1.0,-1.0,-1.0,-1.0,-1.0,-1.0,-1.0,-1.0,-1.0,0.0,0.0,-1.0,0.0,0.0,-1.0,0.0,0.0,-1.0,0.0,0.0,-1.0,0.0,1.0,-1.0,1.0,0.0
train_015,4,0,7,0,0,21,66,22,4,0,0,0.75,0.75,-0.48,-3.0,0.7,-3.0,-0.5,-1.0,-1.0,-1.0,-1.0,-1.0,-1.0,-1.0,-1.0,-1.0,-1.0,0.0,0.0,-1.0,0.0,0.0,-1.0,0.0,0.0,-1.0,0.0,0.0,-1.0,0.0,0.0,-1.0,0.0,1.0
train_015,5,0,6,0,0,25,82,24,5,0,0,0.75,0.75,-0.48,-3.0,0.7,-3.0,-0.5,-1.0,-1.0,-1.0,-1.0,-1.0,-1.0,-1.0,-1.0,-1.0,-1.0,0.0,0.0,-1.0,0.0,0.0,-1.0,0.0,0.0,-1.0,0.0,0.0,-1.0,0.0,0.0,-1.0,0.0,0.0
train_015,6,0,5,0,0,28,92,25,6,0,0,0.75,0.75,-0.48,-3.0,0.7,-3.0,-0.5,-1.0,-1.0,-1.0,-1.0,-1.0,-1.0,-1.0,-1.0,-1.0,-1.0,0.0,0.0,-1.0,0.0,0.0,-1.0,0.0,0.0,-1.0,0.0,1.0,-1.0,0.0,0.0,-1.0,0.0,0.0
train_015,7,0,4,0,0,32,106,28,7,0,0,0.75,0.57,-0.48,-3.0,0.7,-3.0,-0.5,-1.0,-1.0,-1.0,-1.0,-1.0,-1.0,-1.0,-1.0,-1.0,-1.0,0.0,0.0,-1.0,0.0,0.0,-1.0,0.0,0.0,-1.0,0.0,0.0,-1.0,0.0,1.0,-1.0,0.0,0.0
train_015,8,0,3,0,0,34,112,29,8,0,0,0.75,0.75,-0.48,-3.0,0.7,-3.0,-0.5,-1.0,-1.0,-1.0,-1.0,-1.0,-1.0,-1.0,-1.0,-1.0,-1.0,0.0,1.0,-1.0,0.0,0.0,-1.0,0.0,0.0,-1.0,0.0,1.0,-1.0,0.0,0.0,-1.0,0.0,1.0
train_015,9,0,2,0,0,37,120,31,9,0,0,0.75,-3.0,-0.48,-3.0,0.7,-3.0,-0.5,-1.0,-1.0,-1.0,-1.0,-1.0,-1.0,-1.0,-1.0,-1.0,-1.0,0.0,0.0,-1.0,0.0,1.0,-1.0,0.0,0.0,-1.0,0.0,1.0,-1.0,0.0,1.0,-1.0,0.0,0.0
train_015,10,0,1,0,0,39,126,30,10,1,1,0.57,0.75,-0.48,-3.0,0.7,-3.0,-0.5,-1.0,-1.0,-1.0,-1.0,-1.0,-1.0,-1.0,-1.0,-1.0,-1.0,0.0,1.0,-1.0,0.0,0.0,-1.0,0.0,1.0,-1.0,0.0,1.0,-1.0,0.0,1.0,-1.0,0.0,1.0
train_015,11,0,1,1,1,45,142,38,11,1,1,-3.0,0.75,-3.0,-0.48,-3.0,-3.0,-0.5,-1.0,-1.0,-1.0,-1.0,-1.0,-1.0,-1.0,-1.0,-1.0,0.0,1.0,0.0,0.0,0.0,0.0,0.0,1.0,0.0,0.0,1.0,0.0,0.0,1.0,0.0,0.0,1.0,0.0
train_015,12,0,1,2,1,50,162,42,12,1,1,0.57,0.75,0.75,-0.48,0.7,-3.0,-0.5,-1.0,-1.0,-1.0,-1.0,-1.0,-1.0,-1.0,-1.0,-1.0,1.0,0.0,1.0,0.0,0.0,0.0,1.0,0.0,0.0,1.0,0.0,0.0,1.0,0.0,0.0,1.0,0.0,0.0
train_015,13,0,1,3,1,56,186,44,13,1,1,-3.0,0.75,0.75,-0.48,0.5199999999999999,-3.0,-0.5,-1.0,-1.0,-1.0,-1.0,-1.0,-1.0,-1.0,-1.0,-1.0,0.0,1.0,0.0,0.0,0.0,0.0,0.0,0.0,0.0,0.0,0.0,0.0,0.0,0.0,0.0,0.0,0.0,0.0
train_015,14,0,1,4,1,61,206,46,14,0,1,0.57,0.75,0.57,-0.48,0.7,-3.0,-0.5,-1.0,-1.0,-1.0,-1.0,-1.0,-1.0,-1.0,-1.0,-1.0,1.0,0.0,0.0,0.0,0.0,0.0,0.0,0.0,0.0,0.0,0.0,0.0,0.0,0.0,0.0,0.0,0.0,1.0
train_015,15,0,0,4,0,61,206,46,15,1,1,-3.0,0.75,-0.48,-3.0,0.5199999999999999,-3.0,-0.5,-1.0,-1.0,-1.0,-1.0,-1.0,-1.0,-1.0,-1.0,-1.0,-1.0,-1.0,-1.0,1.0,0.0,0.0,0.0,0.0,0.0,-1.0,-1.0,-1.0,0.0,0.0,0.0,0.0,0.0,0.0
train_015,16,0,0,5,1,65,222,49,16,1,1,-3.0,0.75,0.57,-0.48,0.7,-3.0,-0.5,-1.0,-1.0,-1.0,-1.0,-1.0,-1.0,-1.0,-1.0,-1.0,-1.0,-1.0,-1.0,0.0,0.0,0.0,0.0,0.0,0.0,-1.0,-1.0,-1.0,0.0,0.0,0.0,0.0,0.0,0.0
train_015,17,0,0,6,1,68,232,52,17,1,1,-3.0,0.75,0.75,-0.48,0.7,-3.0,-0.5,-1.0,-1.0,-1.0,-1.0,-1.0,-1.0,-1.0,-1.0,-1.0,-1.0,-1.0,-1.0,0.0,0.0,0.0,0.0,0.0,0.0,-1.0,-1.0,-1.0,0.0,0.0,1.0,0.0,0.0,0.0
train_015,18,0,0,7,1,72,246,55,18,1,1,-3.0,0.75,0.75,-0.48,-3.0,-3.0,-0.5,-1.0,-1.0,-1.0,-1.0,-1.0,-1.0,-1.0,-1.0,-1.0,-1.0,-1.0,-1.0,0.0,0.0,0.0,0.0,0.0,0.0,-1.0,-1.0,-1.0,0.0,1.0,0.0,0.0,0.0,0.0
train_015,19,0,0,8,1,76,262,58,19,1,6,-3.0,0.57,0.57,-0.48,0.7,-3.0,10.0,-1.0,-1.0,-1.0,-1.0,-1.0,-1.0,-1.0,-1.0,-1.0,-1.0,-1.0,-1.0,0.0,0.0,0.0,0.0,0.0,0.0,-1.0,-1.0,-1.0,1.0,0.0,2.0,0.0,0.0,0.0
train_015,20,0,0,9,1,79,272,61,20,4,4,-3.0,-3.0,0.75,-0.48,10.7,-3.0,10.0,-1.0,-1.0,-1.0,-1.0,-1.0,-1.0,-1.0,-1.0,-1.0,-1.0,-1.0,-1.0,0.0,0.0,1.0,0.0,0.0,0.0,-1.0,-1.0,-1.0,0.0,2.0,0.0,0.0,0.0,0.0
train_016,0,0,11,0,6,8,24,9,0,0,0,0.75,0.75,-3.0,-3.0,0.7,-3.0,-0.5,-1.0,-1.0,-1.0,-1.0,-1.0,-1.0,-1.0,-1.0,-1.0,-1.0,0.0,0.0,-1.0,0.0,0.0,-1.0,-1.0,-1.0,-1.0,0.0,0.0,-1.0,0.0,0.0,-1.0,-1.0,-1.0
train_016,1,0,10,0,0,12,40,12,1,0,4,0.57,0.57,-0.48,-3.0,0.7,-3.0,-0.5,-1.0,-1.0,-1.0,-1.0,-1.0,-1.0,-1.0,-1.0,-1.0,-1.0,0.0,0.0,-1.0,0.0,0.0,-1.0,0.0,0.0,-1.0,0.0,0.0,-1.0,0.0,0.0,-1.0,0.0,0.0
train_016,2,0,9,0,0,15,50,15,2,1,1,-3.0,0.75,-0.48,-3.0,0.7,-3.0,-0.5,-1.0,-1.0,-1.0,-1.0,-1.0,-1.0,-1.0,-1.0,-1.0,-1.0,1.0,0.0,-1.0,0.0,0.0,-1.0,0.0,0.0,-1.0,0.0,0.0,-1.0,0.0,0.0,-1.0,0.0,0.0
train_016,3,0,9,1,1,20,70,18,3,1,0,0.75,0.75,0.57,-0.48,0.7,-3.0,-0.5,-1.0,-1.0,-1.0,-1.0,-1.0,-1.0,-1.0,-1.0,-1.0,1.0,0.0,0.0,0.0,0.0,0.0,0.0,0.0,1.0,0.0,0.0,0.0,0.0,0.0,0.0,0.0,0.0,0.0
train_016,4,0,9,2,1,25,86,25,4,1,0,0.75,0.75,-3.0,-0.48,0.7,-3.0,-0.5,-1.0,-1.0,-1.0,-1.0,-1.0,-1.0,-1.0,-1.0,-1.0,0.0,0.0,0.0,0.0,0.0,0.0,0.0,1.0,0.0,0.0,0.0,0.0,0.0,0.0,1.0,0.0,0.0,0.0
train_016,5,0,9,3,1,31,110,29,5,1,0,0.75,0.57,0.75,-0.48,-3.0,-3.0,-0.5,-1.0,-1.0,-1.0,-1.0,-1.0,-1.0,-1.0,-1.0,-1.0,0.0,0.0,0.0,0.0,0.0,0.0,1.0,0.0,0.0,0.0,0.0,0.0,0.0,1.0,0.0,0.0,0.0,0.0
train_016,6,0,9,4,1,35,124,34,6,4,2,0.57,-3.0,0.75,-0.48,0.7,-3.0,-0.5,-1.0,-1.0,-1.0,-1.0,-1.0,-1.0,-1.0,-1.0,-1.0,0.0,0.0,1.0,0.0,0.0,1.0,0.0,0.0,0.0,0.0,0.0,0.0,1.0,0.0,0.0,0.0,0.0,0.0
train_016,7,1,9,4,4,43,158,41,7,1,0,0.75,0.75,0.57,-3.0,0.7,-0.53,-0.5,0.0,0.0,1.0,0.0,0.0,1.0,0.0,0.0,0.0,0.0,0.0,0.0,1.0,0.0,0.0,0.0,0.0,0.0,0.0,0.0,0.0,1.0,0.0,0.0,0.0,0.0,0.0
train_016,8,1,9,5,1,50,186,46,8,1,0,0.75,0.75,0.75,-0.48,0.7,-3.0,-0.5,0.0,1.0,1.0,0.0,1.0,0.0,0.0,0.0,0.0,0.0,0.0,1.0,0.0,0.0,0.0,0.0,0.0,0.0,0.0,0.0,0.0,0.0,0.0,0.0,0.0,0.0,0.0
train_016,9,1,9,6,1,56,208,51,9,1,1,-3.0,0.75,0.75,-0.48,0.7,0.5199999999999999,-0.5,1.0,1.0,1.0,1.0,0.0,0.0,0.0,0.0,1.0,0.0,1.0,0.0,0.0,0.0,0.0,0.0,0.0,1.0,0.0,0.0,0.0,0.0,0.0,0.0,0.0,0.0,0.0
train_016,10,1,9,7,1,63,234,58,10,0,0,0.75,0.75,-3.0,-0.48,0.7,0.5199999999999999,-0.5,1.0,1.0,0.0,0.0,0.0,1.0,0.0,1.0,1.0,1.0,0.0,0.0,0.0,0.0,0.0,0.0,1.0,0.0,0.0,0.0,0.0,0.0,0.0,0.0,0.0,0.0,0.0
train_016,11,1,8,7,0,68,248,62,11,1,0,0.75,0.75,-0.48,-3.0,0.5199999999999999,-3.0,-0.5,0.0,1.0,1.0,1.0,1.0,0.0,0.0,0.0,1.0,0.0,0.0,0.0,1.0,0.0,0.0,0.0,0.0,0.0,1.0,0.0,1.0,0.0,0.0,0.0,0.0,0.0,0.0
train_016,12,1,8,8,1,77,284,69,12,1,0,0.75,0.75,0.57,-0.48,0.7,0.5199999999999999,-0.5,1.0,1.0,0.0,1.0,0.0,0.0,0.0,1.0,0.0,0.0,0.0,0.0,0.0,0.0,0.0,0.0,0.0,0.0,0.0,1.0,0.0,0.0,0.0,0.0,0.0,0.0,0.0
train_016,13,1,8,9,1,85,320,74,13,1,1,0.75,10.75,0.75,-0.48,0.7,0.5199999999999999,10.0,1.0,0.0,0.0,0.0,0.0,0.0,1.0,0.0,0.0,0.0,0.0,0.0,0.0,0.0,2.0,0.0,0.0,0.0,1.0,0.0,0.0,0.0,0.0,0.0,0.0,0.0,1.0
train_017,0,0,11,0,6,7,18,7,0,0,0,0.75,0.75,-3.0,-3.0,0.7,-3.0,-0.5,-1.0,-1.0,-1.0,-1.0,-1.0,-1.0,-1.0,-1.0,-1.0,-1.0,0.0,0.0,-1.0,0.0,0.0,-1.0,-1.0,-1.0,-1.0,0.0,1.0,-1.0,0.0,0.0,-1.0,-1.0,-1.0
train_017,1,0,10,0,0,10,26,10,1,1,0,0.75,0.75,-0.48,-3.0,0.5199999999999999,-3.0,-0.5,-1.0,-1.0,-1.0,-1.0,-1.0,-1.0,-1.0,-1.0,-1.0,-1.0,0.0,1.0,-1.0,0.0,0.0,-1.0,0.0,0.0,-1.0,0.0,0.0,-1.0,0.0,1.0,-1.0,0.0,0.0
train_017,2,0,10,1,1,15,44,14,2,1,1,-3.0,0.75,0.57,-0.48,-3.0,-3.0,-0.5,-1.0,-1.0,-1.0,-1.0,-1.0,-1.0,-1.0,-1.0,-1.0,0.0,1.0,1.0,0.0,0.0,0.0,0.0,0.0,0.0,0.0,0.0,0.0,0.0,1.0,0.0,0.0,0.0,0.0
train_017,3,0,10,2,1,20,62,18,3,1,1,-3.0,0.75,0.57,-0.48,0.7,-3.0,-0.5,-1.0,-1.0,-1.0,-1.0,-1.0,-1.0,-1.0,-1.0,-1.0,1.0,1.0,0.0,0.0,0.0,0.0,0.0,0.0,0.0,0.0,0.0,0.0,1.0,0.0,0.0,0.0,0.0,1.0
train_017,4,0,10,3,1,25,82,18,4,1,0,0.75,0.75,0.57,-0.48,0.7,-3.0,-0.5,-1.0,-1.0,-1.0,-1.0,-1.0,-1.0,-1.0,-1.0,-1.0,1.0,0.0,0.0,0.0,0.0,0.0,0.0,0.0,0.0,0.0,0.0,0.0,0.0,0.0,0.0,0.0,1.0,1.0
train_017,5,0,10,4,1,29,96,20,5,1,1,0.57,0.75,0.57,-0.48,0.5199999999999999,-3.0,-0.5,-1.0,-1.0,-1.0,-1.0,-1.0,-1.0,-1.0,-1.0,-1.0,0.0,0.0,1.0,0.0,0.0,0.0,0.0,0.0,0.0,0.0,0.0,1.0,0.0,0.0,0.0,1.0,1.0,0.0
train_017,6,0,10,5,1,34,114,24,6,1,1,-3.0,0.75,0.57,-0.48,0.5199999999999999,-3.0,-0.5,-1.0,-1.0,-1.0,-1.0,-1.0,-1.0,-1.0,-1.0,-1.0,0.0,1.0,0.0,0.0,0.0,0.0,0.0,0.0,0.0,0.0,1.0,1.0,0.0,0.0,0.0,1.0,0.0,0.0
train_017,7,0,10,6,1,40,138,26,7,0,0,0.75,0.75,0.57,-0.48,0.7,-3.0,-0.5,-1.0,-1.0,-1.0,-1.0,-1.0,-1.0,-1.0,-1.0,-1.0,1.0,0.0,0.0,0.0,0.0,0.0,0.0,0.0,0.0,1.0,1.0,0.0,0.0,0.0,0.0,0.0,0.0,0.0
train_017,8,0,9,6,0,44,148,33,8,1,0,0.75,0.75,-0.48,-3.0,-3.0,-3.0,-0.5,-1.0,-1.0,-1.0,-1.0,-1.0,-1.0,-1.0,-1.0,-1.0,1.0,0.0,1.0,1.0,0.0,0.0,0.0,0.0,0.0,0.0,0.0,0.0,1.0,1.0,0.0,0.0,0.0,0.0
train_017,9,0,9,7,1,50,172,38,9,1,1,-3.0,0.75,0.57,-0.48,0.5199999999999999,-3.0,-0.5,-1.0,-1.0,-1.0,-1.0,-1.0,-1.0,-1.0,-1.0,-1.0,0.0,1.0,0.0,0.0,0.0,0.0,0.0,0.0,0.0,0.0,0.0,0.0,1.0,0.0,0.0,0.0,0.0,0.0
train_017,10,0,9,8,1,55,192,42,10,1,0,0.75,0.75,0.75,-0.48,0.7,-3.0,-0.5,-1.0,-1.0,-1.0,-1.0,-1.0,-1.0,-1.0,-1.0,-1.0,1.0,0.0,1.0,0.0,0.0,0.0,0.0,0.0,0.0,0.0,0.0,0.0,0.0,0.0,0.0,0.0,0.0,0.0
train_017,11,0,9,9,1,60,210,47,11,1,1,-3.0,0.75,0.75,-0.48,0.7,-3.0,-0.5,-1.0,-1.0,-1.0,-1.0,-1.0,-1.0,-1.0,-1.0,-1.0,0.0,1.0,0.0,0.0,0.0,0.0,0.0,0.0,0.0,0.0,0.0,1.0,0.0,0.0,0.0,0.0,0.0,0.0
train_017,12,0,9,10,1,66,234,48,12,1,0,0.75,0.57,0.75,-0.48,0.7,-3.0,-0.5,-1.0,-1.0,-1.0,-1.0,-1.0,-1.0,-1.0,-1.0,-1.0,1.0,0.0,0.0,0.0,0.0,0.0,0.0,0.0,0.0,0.0,1.0,0.0,0.0,0.0,0.0,0.0,0.0,0.0
train_017,13,0,9,11,1,66,234,48,13,4,0,0.75,-3.0,0.75,-0.48,0.7,-3.0,-0.5,-1.0,-1.0,-1.0,-1.0,-1.0,-1.0,-1.0,-1.0,-1.0,0.0,0.0,-1.0,0.0,0.0,-1.0,0.0,0.0,-1.0,1.0,0.0,-1.0,0.0,0.0,-1.0,0.0,0.0,-1.0
train_017,14,1,9,11,4,72,258,52,14,4,4,0.57,-3.0,0.75,0.57,10.7,-0.53,10.0,0.0,0.0,-1.0,0.0,0.0,-1.0,0.0,0.0,-1.0,1.0,0.0,-1.0,0.0,0.0,-1.0,0.0,0.0,-1.0,0.0,0.0,-1.0,0.0,2.0,-1.0,0.0,0.0,-1.0
train_018,0,0,11,0,6,7,18,7,0,0,0,0.75,0.75,-3.0,-3.0,0.7,-3.0,-0.5,-1.0,-1.0,-1.0,-1.0,-1.0,-1.0,-1.0,-1.0,-1.0,-1.0,0.0,0.0,-1.0,0.0,0.0,-1.0,-1.0,-1.0,-1.0,0.0,0.0,-1.0,0.0,1.0,-1.0,-1.0,-1.0
train_018,1,0,10,0,0,10,28,8,1,0,1,0.57,0.75,-0.48,-3.0,0.7,-3.0,-0.5,-1.0,-1.0,-1.0,-1.0,-1.0,-1.0,-1.0,-1.0,-1.0,-1.0,0.0,0.0,-1.0,0.0,0.0,-1.0,0.0,0.0,-1.0,0.0,1.0,-1.0,0.0,0.0,-1.0,0.0,1.0
train_018,2,0,9,0,0,13,36,12,2,1,1,-3.0,0.75,-0.48,-3.0,0.7,-3.0,-0.5,-1.0,-1.0,-1.0,-1.0,-1.0,-1.0,-1.0,-1.0,-1.0,-1.0,1.0,0.0,-1.0,0.0,0.0,-1.0,0.0,0.0,-1.0,0.0,0.0,-1.0,0.0,1.0,-1.0,0.0,0.0
train_018,3,0,9,1,1,16,44,14,3,0,0,0.75,0.75,0.57,-0.48,-3.0,-3.0,-0.5,-1.0,-1.0,-1.0,-1.0,-1.0,-1.0,-1.0,-1.0,-1.0,1.0,0.0,1.0,0.0,0.0,0.0,0.0,0.0,0.0,0.0,0.0,0.0,0.0,1.0,1.0,0.0,0.0,1.0
train_018,4,0,8,1,0,22,66,19,4,0,0,0.75,-3.0,-0.48,-3.0,0.7,-3.0,-0.5,-1.0,-1.0,-1.0,-1.0,-1.0,-1.0,-1.0,-1.0,-1.0,0.0,0.0,0.0,1.0,0.0,1.0,0.0,0.0,0.0,0.0,0.0,0.0,0.0,0.0,0.0,0.0,1.0,1.0
train_018,5,0,7,1,0,28,92,22,5,0,0,0.75,0.75,-0.48,0.57,0.5199999999999999,-3.0,-0.5,-1.0,-1.0,-1.0,-1.0,-1.0,-1.0,-1.0,-1.0,-1.0,0.0,0.0,0.0,0.0,0.0,0.0,1.0,0.0,1.0,0.0,0.0,0.0,0.0,0.0,0.0,0.0,0.0,0.0
train_018,6,0,6,1,0,33,112,24,6,0,0,0.75,0.75,-0.48,0.57,0.7,-3.0,-0.5,-1.0,-1.0,-1.0,-1.0,-1.0,-1.0,-1.0,-1.0,-1.0,0.0,0.0,0.0,0.0,0.0,0.0,0.0,0.0,0.0,0.0,0.0,1.0,0.0,0.0,0.0,0.0,0.0,0.0
train_018,7,0,5,1,0,39,136,30,7,0,0,0.75,0.75,-0.48,0.57,0.7,-3.0,-0.5,-1.0,-1.0,-1.0,-1.0,-1.0,-1.0,-1.0,-1.0,-1.0,0.0,0.0,0.0,0.0,0.0,0.0,0.0,0.0,0.0,0.0,0.0,0.0,0.0,0.0,1.0,0.0,0.0,0.0
train_018,8,0,4,1,0,45,162,32,8,0,0,0.75,0.75,-0.48,0.57,0.7,-3.0,-0.5,-1.0,-1.0,-1.0,-1.0,-1.0,-1.0,-1.0,-1.0,-1.0,0.0,0.0,0.0,0.0,0.0,0.0,0.0,0.0,0.0,0.0,0.0,0.0,0.0,0.0,0.0,0.0,0.0,1.0
train_018,9,0,3,1,0,50,182,35,9,0,0,0.75,0.57,-0.48,0.57,0.7,-3.0,-0.5,-1.0,-1.0,-1.0,-1.0,-1.0,-1.0,-1.0,-1.0,-1.0,0.0,0.0,0.0,0.0,0.0,0.0,0.0,0.0,0.0,1.0,0.0,0.0,0.0,0.0,0.0,0.0,0.0,0.0
train_018,10,0,2,1,0,56,206,36,10,0,0,0.75,0.75,-0.48,0.57,0.7,-3.0,-0.5,-1.0,-1.0,-1.0,-1.0,-1.0,-1.0,-1.0,-1.0,-1.0,0.0,0.0,0.0,0.0,0.0,0.0,0.0,0.0,0.0,0.0,0.0,0.0,1.0,0.0,0.0,0.0,0.0,0.0
train_018,11,0,1,1,0,60,218,35,11,0,0,0.57,0.57,-0.48,0.57,0.5199999999999999,-3.0,-0.5,-1.0,-1.0,-1.0,-1.0,-1.0,-1.0,-1.0,-1.0,-1.0,1.0,0.0,0.0,0.0,0.0,0.0,0.0,0.0,0.0,0.0,1.0,0.0,0.0,0.0,0.0,1.0,0.0,0.0
train_018,12,0,0,1,0,60,218,35,12,1,1,-3.0,0.75,-0.48,-3.0,-3.0,-3.0,-0.5,-1.0,-1.0,-1.0,-1.0,-1.0,-1.0,-1.0,-1.0,-1.0,-1.0,-1.0,-1.0,1.0,0.0,0.0,0.0,0.0,0.0,-1.0,-1.0,-1.0,0.0,1.0,0.0,0.0,0.0,0.0
train_018,13,0,0,2,1,63,228,36,13,1,1,-3.0,0.75,0.57,-0.48,0.7,-3.0,-0.5,-1.0,-1.0,-1.0,-1.0,-1.0,-1.0,-1.0,-1.0,-1.0,-1.0,-1.0,-1.0,0.0,0.0,0.0,0.0,0.0,1.0,-1.0,-1.0,-1.0,1.0,0.0,0.0,0.0,0.0,0.0
train_018,14,0,0,3,1,66,238,37,14,1,1,-3.0,0.75,-3.0,-0.48,0.5199999999999999,-3.0,-0.5,-1.0,-1.0,-1.0,-1.0,-1.0,-1.0,-1.0,-1.0,-1.0,-1.0,-1.0,-1.0,0.0,0.0,0.0,0.0,1.0,1.0,-1.0,-1.0,-1.0,0.0,0.0,0.0,0.0,0.0,0.0
train_018,15,0,0,4,1,70,252,38,15,1,6,-3.0,0.75,-3.0,-0.48,0.5199999999999999,-3.0,10.0,-1.0,-1.0,-1.0,-1.0,-1.0,-1.0,-1.0,-1.0,-1.0,-1.0,-1.0,-1.0,0.0,0.0,0.0,1.0,1.0,0.0,-1.0,-1.0,-1.0,0.0,0.0,2.0,0.0,0.0,0.0
train_018,16,0,0,5,1,72,258,39,16,4,4,-3.0,0.75,0.75,-0.48,10.52,-3.0,10.0,-1.0,-1.0,-1.0,-1.0,-1.0,-1.0,-1.0,-1.0,-1.0,-1.0,-1.0,-1.0,0.0,0.0,0.0,1.0,0.0,0.0,-1.0,-1.0,-1.0,0.0,2.0,1.0,0.0,0.0,1.0
train_019,0,0,11,0,6,8,24,8,0,1,0,0.75,0.75,-3.0,-3.0,0.5199999999999999,-3.0,-0.5,-1.0,-1.0,-1.0,-1.0,-1.0,-1.0,-1.0,-1.0,-1.0,-1.0,0.0,0.0,-1.0,0.0,0.0,-1.0,-1.0,-1.0,-1.0,0.0,0.0,-1.0,0.0,0.0,-1.0,-1.0,-1.0
train_019,1,0,11,1,1,10,30,9,1,1,0,0.75,0.75,-3.0,-0.48,0.7,-3.0,-0.5,-1.0,-1.0,-1.0,-1.0,-1.0,-1.0,-1.0,-1.0,-1.0,0.0,0.0,0.0,0.0,0.0,0.0,-1.0,-1.0,-1.0,0.0,0.0,1.0,0.0,0.0,1.0,-1.0,-1.0,-1.0
train_019,2,0,11,2,1,13,38,11,2,1,0,0.75,0.75,-3.0,-0.48,-3.0,-3.0,-0.5,-1.0,-1.0,-1.0,-1.0,-1.0,-1.0,-1.0,-1.0,-1.0,0.0,0.0,0.0,0.0,0.0,0.0,-1.0,-1.0,-1.0,0.0,1.0,1.0,0.0,1.0,0.0,-1.0,-1.0,-1.0
train_019,3,0,11,3,1,15,44,12,3,1,0,0.75,0.75,-3.0,-0.48,0.7,-3.0,-0.5,-1.0,-1.0,-1.0,-1.0,-1.0,-1.0,-1.0,-1.0,-1.0,0.0,0.0,0.0,0.0,0.0,0.0,-1.0,-1.0,-1.0,1.0,1.0,1.0,1.0,0.0,1.0,-1.0,-1.0,-1.0
train_019,4,0,11,4,1,19,56,18,4,1,0,0.75,0.75,-3.0,-0.48,-3.0,-3.0,-0.5,-1.0,-1.0,-1.0,-1.0,-1.0,-1.0,-1.0,-1.0,-1.0,0.0,0.0,0.0,0.0,0.0,0.0,-1.0,-1.0,-1.0,1.0,1.0,0.0,0.0,1.0,0.0,-1.0,-1.0,-1.0
train_019,5,0,11,5,1,23,72,20,5,1,0,0.75,0.75,-3.0,-0.48,0.7,-3.0,-0.5,-1.0,-1.0,-1.0,-1.0,-1.0,-1.0,-1.0,-1.0,-1.0,0.0,0.0,0.0,0.0,0.0,0.0,-1.0,-1.0,-1.0,1.0,0.0,0.0,1.0,0.0,0.0,-1.0,-1.0,-1.0
train_019,6,0,11,6,1,26,82,22,6,1,0,0.75,0.75,-3.0,-0.48,0.7,-3.0,-0.5,-1.0,-1.0,-1.0,-1.0,-1.0,-1.0,-1.0,-1.0,-1.0,0.0,0.0,1.0,0.0,0.0,0.0,-1.0,-1.0,-1.0,0.0,0.0,0.0,0.0,0.0,0.0,-1.0,-1.0,-1.0
train_019,7,0,11,7,1,30,96,24,7,1,1,-3.0,0.75,-3.0,-0.48,0.7,-3.0,-0.5,-1.0,-1.0,-1.0,-1.0,-1.0,-1.0,-1.0,-1.0,-1.0,0.0,1.0,0.0,0.0,0.0,0.0,-1.0,-1.0,-1.0,0.0,0.0,0.0,0.0,0.0,0.0,-1.0,-1.0,-1.0
train_019,8,0,11,8,1,33,106,25,8,1,1,0.57,0.75,-3.0,-0.48,0.5199999999999999,-3.0,-0.5,-1.0,-1.0,-1.0,-1.0,-1.0,-1.0,-1.0,-1.0,-1.0,1.0,0.0,0.0,0.0,0.0,0.0,-1.0,-1.0,-1.0,0.0,0.0,1.0,0.0,0.0,0.0,-1.0,-1.0,-1.0
train_019,9,0,11,9,1,37,120,29,9,1,1,0.57,0.75,-3.0,-0.48,0.7,-3.0,-0.5,-1.0,-1.0,-1.0,-1.0,-1.0,-1.0,-1.0,-1.0,-1.0,0.0,0.0,0.0,0.0,0.0,0.0,-1.0,-1.0,-1.0,0.0,1.0,0.0,0.0,0.0,0.0,-1.0,-1.0,-1.0
train_019,10,0,11,10,1,41,136,29,10,1,4,0.57,0.57,-3.0,-0.48,0.7,-3.0,-0.5,-1.0,-1.0,-1.0,-1.0,-1.0,-1.0,-1.0,-1.0,-1.0,0.0,0.0,0.0,0.0,0.0,0.0,-1.0,-1.0,-1.0,1.0,0.0,0.0,0.0,0.0,0.0,-1.0,-1.0,-1.0
train_019,11,0,11,11,1,41,136,29,11,4,0,0.75,-3.0,-3.0,-0.48,0.7,-3.0,-0.5,-1.0,-1.0,-1.0,-1.0,-1.0,-1.0,-1.0,-1.0,-1.0,0.0,0.0,-1.0,0.0,0.0,-1.0,-1.0,-1.0,-1.0,0.0,0.0,-1.0,0.0,0.0,-1.0,-1.0,-1.0,-1.0
train_019,12,1,11,11,4,45,152,32,12,4,4,0.75,-3.0,-3.0,0.57,10.7,-0.53,10.0,0.0,0.0,-1.0,0.0,0.0,-1.0,-1.0,-1.0,-1.0,0.0,0.0,-1.0,0.0,0.0,-1.0,-1.0,-1.0,-1.0,0.0,0.0,-1.0,0.0,2.0,-1.0,-1.0,-1.0,-1.0
train_020,0,0,11,0,6,8,24,10,0,0,0,0.75,0.75,-3.0,-3.0,0.7,-3.0,-0.5,-1.0,-1.0,-1.0,-1.0,-1.0,-1.0,-1.0,-1.0,-1.0,-1.0,0.0,0.0,-1.0,0.0,0.0,-1.0,-1.0,-1.0,-1.0,0.0,0.0,-1.0,0.0,0.0,-1.0,-1.0,-1.0
train_020,1,0,10,0,0,12,40,12,1,0,0,0.75,0.75,-0.48,-3.0,0.5199999999999999,-3.0,-0.5,-1.0,-1.0,-1.0,-1.0,-1.0,-1.0,-1.0,-1.0,-1.0,-1.0,0.0,0.0,-1.0,0.0,0.0,-1.0,0.0,0.0,-1.0,0.0,0.0,-1.0,0.0,0.0,-1.0,0.0,0.0
train_020,2,0,9,0,0,15,50,12,2,1,0,0.75,0.75,-0.48,-3.0,0.5199999999999999,-3.0,-0.5,-1.0,-1.0,-1.0,-1.0,-1.0,-1.0,-1.0,-1.0,-1.0,-1.0,0.0,1.0,-1.0,0.0,0.0,-1.0,0.0,0.0,-1.0,0.0,0.0,-1.0,0.0,0.0,-1.0,0.0,0.0
train_020,3,0,9,1,1,20,68,16,3,1,1,-3.0,0.75,0.57,-0.48,0.7,-3.0,-0.5,-1.0,-1.0,-1.0,-1.0,-1.0,-1.0,-1.0,-1.0,-1.0,0.0,1.0,0.0,0.0,0.0,0.0,0.0,0.0,0.0,0.0,0.0,1.0,0.0,0.0,0.0,0.0,0.0,0.0
train_020,4,0,9,2,1,26,92,22,4,0,0,0.75,0.57,0.75,-0.48,0.5199999999999999,-3.0,-0.5,-1.0,-1.0,-1.0,-1.0,-1.0,-1.0,-1.0,-1.0,-1.0,1.0,0.0,0.0,0.0,0.0,0.0,0.0,0.0,0.0,0.0,1.0,0.0,0.0,0.0,0.0,0.0,0.0,0.0
train_020,5,0,8,2,0,30,104,24,5,1,0,0.75,0.57,-0.48,-3.0,-3.0,-3.0,-0.5,-1.0,-1.0,-1.0,-1.0,-1.0,-1.0,-1.0,-1.0,-1.0,1.0,0.0,0.0,1.0,0.0,0.0,0.0,0.0,0.0,0.0,1.0,0.0,0.0,1.0,0.0,0.0,0.0,0.0
train_020,6,0,8,3,1,34,118,30,6,4,0,0.75,-3.0,0.57,-0.48,0.7,-3.0,-0.5,-1.0,-1.0,-1.0,-1.0,-1.0,-1.0,-1.0,-1.0,-1.0,0.0,0.0,0.0,0.0,0.0,1.0,0.0,0.0,1.0,1.0,0.0,0.0,1.0,0.0,0.0,0.0,0.0,0.0
train_020,7,1,8,3,4,41,142,39,7,1,0,0.75,0.75,0.57,-3.0,0.7,-0.53,-0.5,0.0,0.0,0.0,0.0,0.0,1.0,0.0,0.0,1.0,1.0,0.0,0.0,1.0,0.0,0.0,0.0,0.0,0.0,0.0,1.0,0.0,0.0,0.0,0.0,1.0,0.0,0.0
train_020,8,1,8,4,1,49,172,45,8,1,0,0.75,0.75,0.75,-0.48,0.7,-3.0,-0.5,0.0,0.0,0.0,0.0,1.0,0.0,0.0,1.0,0.0,0.0,0.0,0.0,0.0,0.0,0.0,0.0,0.0,0.0,1.0,0.0,0.0,0.0,0.0,1.0,0.0,0.0,0.0
train_020,9,1,8,5,1,57,204,51,9,1,6,0.57,0.75,0.75,-0.48,-3.0,0.5199999999999999,10.0,0.0,0.0,0.0,1.0,0.0,0.0,1.0,0.0,0.0,0.0,0.0,0.0,0.0,0.0,0.0,0.0,0.0,1.0,0.0,0.0,0.0,0.0,1.0,2.0,0.0,0.0,0.0
train_020,10,1,8,6,1,65,236,58,10,4,4,0.75,0.75,-3.0,-0.48,10.7,0.5199999999999999,10.0,0.0,0.0,0.0,0.0,0.0,1.0,0.0,0.0,0.0,0.0,0.0,0.0,0.0,0.0,0.0,0.0,1.0,0.0,0.0,0.0,0.0,1.0,2.0,0.0,0.0,0.0,0.0
train_021,0,0,11,0,6,6,14,9,0,0,0,0.75,0.75,-3.0,-3.0,-3.0,-3.0,-0.5,-1.0,-1.0,-1.0,-1.0,-1.0,-1.0,-1.0,-1.0,-1.0,-1.0,0.0,0.0,-1.0,0.0,0.0,-1.0,-1.0,-1.0,-1.0,1.0,0.0,-1.0,1.0,0.0,-1.0,-1.0,-1.0
train_021,1,0,10,0,0,9,24,11,1,0,0,0.75,0.75,-0.48,-3.0,-3.0,-3.0,-0.5,-1.0,-1.0,-1.0,-1.0,-1.0,-1.0,-1.0,-1.0,-1.0,-1.0,0.0,0.0,-1.0,0.0,0.0,-1.0,0.0,0.0,-1.0,1.0,0.0,-1.0,1.0,0.0,-1.0,1.0,0.0
train_021,2,0,9,0,0,12,32,14,2,0,0,0.75,0.75,-0.48,-3.0,-3.0,-3.0,-0.5,-1.0,-1.0,-1.0,-1.0,-1.0,-1.0,-1.0,-1.0,-1.0,-1.0,0.0,0.0,-1.0,0.0,0.0,-1.0,0.0,0.0,-1.0,0.0,1.0,-1.0,1.0,0.0,-1.0,1.0,0.0
train_021,3,0,8,0,0,16,46,15,3,0,1,0.57,0.75,-0.48,-3.0,0.7,-3.0,-0.5,-1.0,-1.0,-1.0,-1.0,-1.0,-1.0,-1.0,-1.0,-1.0,-1.0,0.0,0.0,-1.0,0.0,0.0,-1.0,0.0,0.0,-1.0,0.0,0.0,-1.0,0.0,1.0,-1.0,1.0,0.0
train_021,4,0,7,0,0,18,52,16,4,1,1,-3.0,0.57,-0.48,-3.0,0.5199999999999999,-3.0,-0.5,-1.0,-1.0,-1.0,-1.0,-1.0,-1.0,-1.0,-1.0,-1.0,-1.0,1.0,0.0,-1.0,0.0,0.0,-1.0,0.0,0.0,-1.0,1.0,0.0,-1.0,0.0,0.0,-1.0,0.0,1.0
train_021,5,0,7,1,1,22,64,18,5,0,0,0.75,-3.0,0.57,-0.48,0.7,-3.0,-0.5,-1.0,-1.0,-1.0,-1.0,-1.0,-1.0,-1.0,-1.0,-1.0,1.0,0.0,0.0,0.0,0.0,1.0,0.0,0.0,0.0,1.0,0.0,0.0,0.0,0.0,0.0,0.0,1.0,1.0
train_021,6,0,6,1,0,26,74,22,6,0,0,0.75,0.57,-0.48,-3.0,0.5199999999999999,-3.0,-0.5,-1.0,-1.0,-1.0,-1.0,-1.0,-1.0,-1.0,-1.0,-1.0,0.0,0.0,0.0,1.0,0.0,0.0,0.0,0.0,1.0,0.0,1.0,1.0,1.0,0.0,0.0,0.0,0.0,0.0
train_021,7,0,5,1,0,32,96,25,7,0,1,0.57,0.75,-0.48,0.57,-3.0,-3.0,-0.5,-1.0,-1.0,-1.0,-1.0,-1.0,-1.0,-1.0,-1.0,-1.0,0.0,0.0,0.0,0.0,0.0,0.0,1.0,0.0,0.0,0.0,0.0,0.0,0.0,1.0,1.0,1.0,0.0,0.0
train_021,8,0,4,1,0,36,108,29,8,1,1,-3.0,0.75,-0.48,0.57,0.5199999999999999,-3.0,-0.5,-1.0,-1.0,-1.0,-1.0,-1.0,-1.0,-1.0,-1.0,-1.0,0.0,1.0,0.0,0.0,0.0,0.0,0.0,0.0,0.0,0.0,1.0,0.0,0.0,0.0,0.0,0.0,1.0,1.0
train_021,9,0,4,2,1,42,132,33,9,0,0,0.75,0.75,0.57,-0.48,0.5199999999999999,-3.0,-0.5,-1.0,-1.0,-1.0,-1.0,-1.0,-1.0,-1.0,-1.0,-1.0,1.0,0.0,0.0,0.0,0.0,0.0,0.0,0.0,0.0,1.0,0.0,0.0,0.0,0.0,0.0,1.0,1.0,0.0
train_021,10,0,3,2,0,47,148,39,10,0,0,0.75,0.75,-0.48,-3.0,0.7,-3.0,-0.5,-1.0,-1.0,-1.0,-1.0,-1.0,-1.0,-1.0,-1.0,-1.0,0.0,0.0,1.0,1.0,0.0,0.0,0.0,0.0,0.0,0.0,0.0,0.0,1.0,0.0,0.0,0.0,0.0,0.0
train_021,11,0,2,2,0,52,166,45,11,0,0,0.75,-3.0,-0.48,0.75,0.7,-3.0,-0.5,-1.0,-1.0,-1.0,-1.0,-1.0,-1.0,-1.0,-1.0,-1.0,1.0,0.0,0.0,0.0,0.0,1.0,1.0,0.0,0.0,0.0,0.0,0.0,0.0,0.0,0.0,1.0,0.0,0.0
train_021,12,0,1,2,0,58,190,45,12,0,1,0.57,0.75,-0.48,-3.0,0.5199999999999999,-3.0,-0.5,-1.0,-1.0,-1.0,-1.0,-1.0,-1.0,-1.0,-1.0,-1.0,0.0,0.0,0.0,1.0,0.0,0.0,0.0,0.0,1.0,0.0,0.0,0.0,0.0,0.0,0.0,0.0,0.0,0.0
train_021,13,0,0,2,0,58,190,45,13,1,1,-3.0,0.75,-0.48,0.75,0.5199999999999999,-3.0,-0.5,-1.0,-1.0,-1.0,-1.0,-1.0,-1.0,-1.0,-1.0,-1.0,-1.0,-1.0,-1.0,0.0,0.0,0.0,1.0,0.0,0.0,-1.0,-1.0,-1.0,0.0,0.0,0.0,0.0,0.0,0.0
train_021,14,0,0,3,1,62,206,48,14,1,4,-3.0,0.57,0.57,-0.48,0.7,-3.0,-0.5,-1.0,-1.0,-1.0,-1.0,-1.0,-1.0,-1.0,-1.0,-1.0,-1.0,-1.0,-1.0,0.0,0.0,0.0,0.0,0.0,0.0,-1.0,-1.0,-1.0,0.0,0.0,0.0,0.0,0.0,0.0
train_021,15,0,0,4,1,65,216,51,15,4,2,-3.0,-3.0,0.75,-0.48,0.7,-3.0,-0.5,-1.0,-1.0,-1.0,-1.0,-1.0,-1.0,-1.0,-1.0,-1.0,-1.0,-1.0,-1.0,0.0,0.0,1.0,0.0,0.0,0.0,-1.0,-1.0,-1.0,0.0,0.0,0.0,0.0,0.0,0.0
train_021,16,1,0,4,4,71,242,54,16,4,1,-3.0,0.75,0.75,0.57,0.7,-0.53,-0.5,-1.0,-1.0,-1.0,0.0,0.0,1.0,0.0,0.0,0.0,-1.0,-1.0,-1.0,0.0,0.0,0.0,0.0,0.0,0.0,-1.0,-1.0,-1.0,0.0,0.0,0.0,0.0,0.0,0.0
train_021,17,2,0,4,4,76,262,57,17,4,4,-3.0,0.75,0.75,0.57,10.7,-0.53,10.0,-1.0,-1.0,-1.0,0.0,0.0,0.0,0.0,0.0,0.0,-1.0,-1.0,-1.0,0.0,0.0,0.0,0.0,0.0,0.0,-1.0,-1.0,-1.0,1.0,2.0,0.0,0.0,0.0,0.0
train_022,0,0,11,0,6,6,12,6,0,0,0,0.75,0.75,-3.0,-3.0,0.5199999999999999,-3.0,-0.5,-1.0,-1.0,-1.0,-1.0,-1.0,-1.0,-1.0,-1.0,-1.0,-1.0,0.0,1.0,-1.0,0.0,0.0,-1.0,-1.0,-1.0,-1.0,1.0,0.0,-1.0,0.0,0.0,-1.0,-1.0,-1.0
train_022,1,0,10,0,0,9,18,7,1,0,0,0.57,-3.0,-0.48,-3.0,-3.0,-3.0,-0.5,-1.0,-1.0,-1.0,-1.0,-1.0,-1.0,-1.0,-1.0,-1.0,-1.0,0.0,0.0,-1.0,0.0,1.0,-1.0,0.0,0.0,-1.0,0.0,1.0,-1.0,1.0,0.0,-1.0,0.0,0.0
train_022,2,0,9,0,0,11,22,9,2,1,1,-3.0,0.57,-0.48,-3.0,0.5199999999999999,-3.0,-0.5,-1.0,-1.0,-1.0,-1.0,-1.0,-1.0,-1.0,-1.0,-1.0,-1.0,1.0,0.0,-1.0,0.0,0.0,-1.0,0.0,1.0,-1.0,0.0,1.0,-1.0,0.0,1.0,-1.0,1.0,0.0
train_022,3,0,9,1,1,16,34,16,3,0,0,0.75,-3.0,-3.0,-0.48,-3.0,-3.0,-0.5,-1.0,-1.0,-1.0,-1.0,-1.0,-1.0,-1.0,-1.0,-1.0,1.0,0.0,0.0,0.0,0.0,1.0,0.0,1.0,0.0,0.0,1.0,0.0,0.0,1.0,0.0,1.0,0.0,0.0
train_022,4,0,8,1,0,19,42,16,4,0,0,0.75,0.75,-0.48,-3.0,-3.0,-3.0,-0.5,-1.0,-1.0,-1.0,-1.0,-1.0,-1.0,-1.0,-1.0,-1.0,0.0,0.0,1.0,1.0,0.0,0.0,0.0,0.0,1.0,0.0,1.0,1.0,0.0,1.0,0.0,0.0,1.0,0.0
train_022,5,0,7,1,0,24,56,24,5,0,0,0.75,-3.0,-0.48,0.57,-3.0,-3.0,-0.5,-1.0,-1.0,-1.0,-1.0,-1.0,-1.0,-1.0,-1.0,-1.0,1.0,0.0,0.0,0.0,0.0,1.0,1.0,0.0,0.0,0.0,0.0,0.0,0.0,1.0,1.0,0.0,1.0,0.0
train_022,6,0,6,1,0,30,80,29,6,1,1,0.57,0.75,-0.48,-3.0,0.7,-3.0,-0.5,-1.0,-1.0,-1.0,-1.0,-1.0,-1.0,-1.0,-1.0,-1.0,0.0,0.0,0.0,1.0,0.0,0.0,0.0,0.0,1.0,0.0,0.0,0.0,0.0,0.0,0.0,0.0,1.0,1.0
train_022,7,0,6,2,1,36,102,35,7,1,0,0.75,0.75,-3.0,-0.48,0.7,-3.0,-0.5,-1.0,-1.0,-1.0,-1.0,-1.0,-1.0,-1.0,-1.0,-1.0,0.0,0.0,0.0,0.0,0.0,0.0,0.0,1.0,0.0,0.0,0.0,0.0,0.0,0.0,0.0,1.0,1.0,0.0
train_022,8,0,6,3,1,40,118,39,8,1,0,0.75,0.75,0.75,-0.48,0.7,-3.0,-0.5,-1.0,-1.0,-1.0,-1.0,-1.0,-1.0,-1.0,-1.0,-1.0,0.0,0.0,1.0,0.0,0.0,0.0,1.0,0.0,0.0,0.0,0.0,1.0,0.0,0.0,0.0,1.0,0.0,0.0
train_022,9,0,6,4,1,46,140,46,9,1,1,-3.0,0.75,0.75,-0.48,0.7,-3.0,-0.5,-1.0,-1.0,-1.0,-1.0,-1.0,-1.0,-1.0,-1.0,-1.0,0.0,1.0,0.0,0.0,0.0,0.0,0.0,0.0,0.0,0.0,1.0,0.0,0.0,0.0,0.0,0.0,0.0,0.0
train_022,10,0,6,5,1,51,160,50,10,4,0,0.75,0.75,0.75,-0.48,0.7,-3.0,-0.5,-1.0,-1.0,-1.0,-1.0,-1.0,-1.0,-1.0,-1.0,-1.0,1.0,0.0,0.0,0.0,0.0,0.0,0.0,0.0,1.0,1.0,0.0,0.0,0.0,0.0,0.0,0.0,0.0,0.0
train_022,11,1,6,5,4,60,200,55,11,4,1,0.57,0.75,0.75,0.57,0.7,-0.53,-0.5,1.0,0.0,0.0,0.0,0.0,0.0,0.0,0.0,1.0,1.0,0.0,0.0,0.0,0.0,0.0,0.0,0.0,0.0,0.0,0.0,0.0,0.0,0.0,0.0,0.0,0.0,0.0
train_022,12,2,6,5,4,65,218,61,12,4,4,0.57,0.75,0.57,0.75,10.7,-0.53,10.0,1.0,0.0,0.0,0.0,0.0,0.0,0.0,0.0,0.0,0.0,0.0,0.0,0.0,0.0,0.0,0.0,0.0,0.0,1.0,0.0,0.0,1.0,2.0,0.0,0.0,1.0,1.0
train_023,0,0,11,0,6,6,12,6,0,0,0,0.75,0.75,-3.0,-3.0,0.5199999999999999,-3.0,-0.5,-1.0,-1.0,-1.0,-1.0,-1.0,-1.0,-1.0,-1.0,-1.0,-1.0,0.0,1.0,-1.0,0.0,0.0,-1.0,-1.0,-1.0,-1.0,0.0,0.0,-1.0,0.0,1.0,-1.0,-1.0,-1.0
train_023,1,0,10,0,0,9,22,6,1,0,4,0.57,-3.0,-0.48,-3.0,0.7,-3.0,-0.5,-1.0,-1.0,-1.0,-1.0,-1.0,-1.0,-1.0,-1.0,-1.0,-1.0,0.0,1.0,-1.0,0.0,1.0,-1.0,0.0,0.0,-1.0,0.0,0.0,-1.0,0.0,0.0,-1.0,0.0,1.0
train_023,2,0,9,0,0,12,30,9,2,4,4,-3.0,-3.0,-0.48,-3.0,0.5199999999999999,-3.0,-0.5,-1.0,-1.0,-1.0,-1.0,-1.0,-1.0,-1.0,-1.0,-1.0,-1.0,1.0,0.0,-1.0,0.0,1.0,-1.0,0.0,1.0,-1.0,0.0,0.0,-1.0,0.0,0.0,-1.0,0.0,0.0
train_023,3,1,9,0,4,15,38,11,3,0,1,0.57,0.75,0.57,-3.0,-3.0,-0.53,-0.5,-1.0,1.0,0.0,-1.0,0.0,1.0,-1.0,0.0,1.0,-1.0,0.0,0.0,-1.0,0.0,0.0,-1.0,0.0,0.0,-1.0,0.0,1.0,-1.0,1.0,1.0,-1.0,0.0,0.0
train_023,4,1,8,0,0,19,48,13,4,1,1,-3.0,0.75,-0.48,-3.0,0.7,-3.0,-0.5,-1.0,0.0,0.0,-1.0,1.0,0.0,-1.0,0.0,1.0,-1.0,1.0,0.0,-1.0,0.0,0.0,-1.0,0.0,0.0,-1.0,0.0,1.0,-1.0,0.0,1.0,-1.0,1.0,1.0
train_023,5,1,8,1,1,28,82,21,5,0,1,0.57,0.75,0.57,-0.48,-3.0,0.5199999999999999,-0.5,0.0,0.0,0.0,1.0,0.0,0.0,0.0,1.0,0.0,1.0,0.0,0.0,0.0,0.0,0.0,0.0,0.0,0.0,0.0,1.0,0.0,0.0,1.0,0.0,1.0,1.0,0.0
train_023,6,1,7,1,0,34,100,26,6,1,1,-3.0,0.75,-0.48,-3.0,-3.0,0.5199999999999999,-0.5,0.0,0.0,0.0,0.0,0.0,0.0,1.0,0.0,0.0,0.0,1.0,1.0,1.0,0.0,0.0,0.0,0.0,0.0,0.0,0.0,1.0,0.0,1.0,0.0,0.0,1.0,0.0
train_023,7,1,7,2,1,43,138,35,7,1,1,-3.0,0.75,0.57,-0.48,0.5199999999999999,0.5199999999999999,-0.5,0.0,0.0,0.0,0.0,0.0,0.0,0.0,0.0,0.0,1.0,1.0,0.0,0.0,0.0,0.0,0.0,0.0,0.0,0.0,1.0,0.0,1.0,0.0,0.0,1.0,0.0,0.0
train_023,8,1,7,3,1,52,180,38,8,1,0,0.75,0.75,0.57,-0.48,0.7,0.5199999999999999,-0.5,0.0,0.0,0.0,0.0,0.0,0.0,0.0,0.0,0.0,1.0,0.0,0.0,0.0,0.0,0.0,0.0,0.0,0.0,1.0,0.0,0.0,0.0,0.0,0.0,0.0,0.0,0.0
train_023,9,1,7,4,1,59,210,42,9,1,0,0.75,0.75,0.57,-0.48,0.5199999999999999,0.5199999999999999,-0.5,0.0,0.0,0.0,0.0,0.0,0.0,0.0,0.0,0.0,0.0,0.0,1.0,0.0,0.0,0.0,0.0,0.0,0.0,0.0,0.0,1.0,0.0,0.0,0.0,0.0,0.0,0.0
train_023,10,1,7,5,1,67,242,49,10,1,1,-3.0,0.75,0.75,-0.48,0.7,0.5199999999999999,-0.5,0.0,0.0,0.0,0.0,0.0,0.0,0.0,0.0,1.0,0.0,1.0,0.0,0.0,0.0,0.0,0.0,0.0,0.0,0.0,1.0,0.0,0.0,0.0,0.0,0.0,0.0,0.0
train_023,11,1,7,6,1,72,262,51,11,0,0,0.75,0.75,0.75,-0.48,0.7,0.5199999999999999,-0.5,0.0,0.0,0.0,0.0,0.0,0.0,0.0,1.0,1.0,1.0,0.0,0.0,0.0,0.0,0.0,0.0,0.0,0.0,1.0,0.0,1.0,0.0,0.0,1.0,0.0,0.0,1.0
train_023,12,1,6,6,0,79,288,52,12,1,1,0.57,0.75,-0.48,-3.0,0.7,0.5199999999999999,-0.5,1.0,0.0,0.0,0.0,0.0,0.0,0.0,0.0,0.0,0.0,0.0,0.0,1.0,0.0,0.0,0.0,0.0,0.0,0.0,0.0,1.0,1.0,0.0,1.0,0.0,0.0,1.0
train_023,13,1,6,7,1,85,310,57,13,1,0,0.75,0.75,0.57,-0.48,-3.0,0.5199999999999999,-0.5,0.0,0.0,1.0,0.0,0.0,0.0,0.0,0.0,0.0,0.0,0.0,1.0,0.0,0.0,0.0,0.0,0.0,0.0,0.0,1.0,1.0,0.0,1.0,0.0,0.0,1.0,0.0
train_023,14,1,6,8,1,94,346,66,14,1,1,-3.0,0.75,0.57,-0.48,0.5199999999999999,0.5199999999999999,-0.5,0.0,1.0,0.0,0.0,0.0,0.0,0.0,0.0,0.0,0.0,1.0,0.0,0.0,0.0,0.0,0.0,0.0,0.0,1.0,1.0,0.0,1.0,0.0,0.0,1.0,0.0,0.0
train_023,15,1,6,9,1,103,388,68,15,0,2,0.57,0.57,0.75,-0.48,0.7,0.5199999999999999,-0.5,1.0,0.0,0.0,0.0,0.0,0.0,0.0,0.0,0.0,1.0,0.0,0.0,0.0,0.0,0.0,0.0,0.0,0.0,1.0,0.0,0.0,0.0,0.0,0.0,0.0,0.0,0.0
train_023,16,1,5,9,0,104,390,70,16,4,1,-3.0,0.75,-0.48,-3.0,0.7,0.5199999999999999,-0.5,1.0,1.0,1.0,1.0,0.0,0.0,0.0,0.0,0.0,1.0,1.0,1.0,1.0,0.0,0.0,0.0,0.0,0.0,1.0,1.0,0.0,1.0,0.0,0.0,0.0,0.0,0.0
train_023,17,2,5,9,4,111,414,72,17,4,4,-3.0,0.75,0.57,-3.0,10.52,-0.53,10.0,1.0,1.0,1.0,1.0,0.0,0.0,0.0,0.0,0.0,1.0,1.0,0.0,1.0,0.0,0.0,0.0,0.0,0.0,0.0,0.0,0.0,0.0,2.0,0.0,1.0,0.0,1.0
train_024,0,0,11,0,6,7,18,6,0,1,0,0.75,0.75,-3.0,-3.0,-3.0,-3.0,-0.5,-1.0,-1.0,-1.0,-1.0,-1.0,-1.0,-1.0,-1.0,-1.0,-1.0,0.0,0.0,-1.0,0.0,0.0,-1.0,-1.0,-1.0,-1.0,0.0,0.0,-1.0,1.0,0.0,-1.0,-1.0,-1.0
train_024,1,0,11,1,1,9,24,6,1,1,1,0.57,0.75,-3.0,-0.48,0.7,-3.0,-0.5,-1.0,-1.0,-1.0,-1.0,-1.0,-1.0,-1.0,-1.0,-1.0,0.0,0.0,1.0,0.0,0.0,0.0,-1.0,-1.0,-1.0,0.0,0.0,1.0,1.0,0.0,0.0,-1.0,-1.0,-1.0
train_024,2,0,11,2,1,13,36,10,2,1,1,-3.0,0.75,-3.0,-0.48,0.5199999999999999,-3.0,-0.5,-1.0,-1.0,-1.0,-1.0,-1.0,-1.0,-1.0,-1.0,-1.0,0.0,1.0,0.0,0.0,0.0,0.0,-1.0,-1.0,-1.0,0.0,1.0,0.0,0.0,0.0,0.0,-1.0,-1.0,-1.0
train_024,3,0,11,3,1,16,46,12,3,0,0,0.75,0.75,-3.0,-0.48,0.5199999999999999,-3.0,-0.5,-1.0,-1.0,-1.0,-1.0,-1.0,-1.0,-1.0,-1.0,-1.0,1.0,0.0,0.0,0.0,0.0,0.0,-1.0,-1.0,-1.0,1.0,0.0,0.0,0.0,0.0,1.0,-1.0,-1.0,-1.0
train_024,4,0,10,3,0,20,58,14,4,0,0,0.75,0.75,-0.48,-3.0,0.7,-3.0,-0.5,-1.0,-1.0,-1.0,-1.0,-1.0,-1.0,-1.0,-1.0,-1.0,1.0,0.0,0.0,1.0,0.0,0.0,0.0,0.0,0.0,0.0,0.0,1.0,1.0,0.0,0.0,0.0,0.0,1.0
train_024,5,0,9,3,0,25,76,21,5,0,0,0.75,0.75,-0.48,-3.0,0.5199999999999999,-3.0,-0.5,-1.0,-1.0,-1.0,-1.0,-1.0,-1.0,-1.0,-1.0,-1.0,1.0,0.0,0.0,1.0,0.0,0.0,1.0,0.0,0.0,0.0,0.0,0.0,0.0,0.0,1.0,1.0,0.0,0.0
train_024,6,0,8,3,0,31,100,29,6,0,0,0.75,0.75,-0.48,-3.0,0.7,-3.0,-0.5,-1.0,-1.0,-1.0,-1.0,-1.0,-1.0,-1.0,-1.0,-1.0,0.0,0.0,0.0,1.0,0.0,0.0,1.0,0.0,0.0,0.0,0.0,0.0,0.0,0.0,0.0,0.0,0.0,1.0
train_024,7,0,7,3,0,37,126,33,7,0,0,0.75,0.75,-0.48,0.75,0.7,-3.0,-0.5,-1.0,-1.0,-1.0,-1.0,-1.0,-1.0,-1.0,-1.0,-1.0,0.0,0.0,0.0,0.0,0.0,0.0,1.0,0.0,0.0,0.0,0.0,0.0,0.0,0.0,0.0,0.0,0.0,0.0
train_024,8,0,6,3,0,42,146,38,8,0,0,0.75,0.75,-0.48,0.75,0.7,-3.0,-0.5,-1.0,-1.0,-1.0,-1.0,-1.0,-1.0,-1.0,-1.0,-1.0,0.0,0.0,1.0,0.0,0.0,0.0,0.0,0.0,0.0,0.0,0.0,0.0,0.0,0.0,0.0,0.0,0.0,0.0
train_024,9,0,5,3,0,48,170,43,9,0,0,0.75,-3.0,-0.48,0.75,0.7,-3.0,-0.5,-1.0,-1.0,-1.0,-1.0,-1.0,-1.0,-1.0,-1.0,-1.0,0.0,0.0,0.0,0.0,0.0,1.0,0.0,0.0,0.0,0.0,0.0,0.0,0.0,0.0,0.0,0.0,0.0,0.0
train_024,10,0,4,3,0,53,190,45,10,0,3,0.57,0.57,-0.48,0.75,0.7,-3.0,-0.5,-1.0,-1.0,-1.0,-1.0,-1.0,-1.0,-1.0,-1.0,-1.0,0.0,0.0,1.0,0.0,0.0,0.0,0.0,0.0,1.0,0.0,0.0,0.0,0.0,0.0,0.0,0.0,0.0,0.0
train_024,11,0,3,3,0,57,202,47,11,4,3,-3.0,-3.0,-0.48,0.75,0.5199999999999999,-3.0,-0.5,-1.0,-1.0,-1.0,-1.0,-1.0,-1.0,-1.0,-1.0,-1.0,1.0,1.0,0.0,0.0,0.0,1.0,0.0,0.0,0.0,0.0,0.0,0.0,0.0,0.0,0.0,0.0,0.0,0.0
train_024,12,1,3,3,4,62,218,54,12,1,1,0.57,0.75,0.57,0.57,-3.0,-0.53,-0.5,1.0,1.0,0.0,0.0,0.0,1.0,0.0,0.0,0.0,0.0,0.0,0.0,0.0,0.0,0.0,0.0,0.0,0.0,0.0,1.0,1.0,0.0,1.0,0.0,0.0,0.0,1.0
train_024,13,1,3,4,1,69,240,58,13,1,0,0.75,0.75,0.57,-0.48,0.7,-3.0,-0.5,1.0,0.0,0.0,0.0,1.0,0.0,0.0,0.0,1.0,0.0,0.0,1.0,0.0,0.0,0.0,0.0,0.0,0.0,1.0,1.0,0.0,1.0,0.0,0.0,0.0,1.0,0.0
train_024,14,1,3,5,1,74,252,62,14,1,1,-3.0,0.75,0.75,-0.48,0.7,0.5199999999999999,-0.5,0.0,0.0,0.0,1.0,0.0,1.0,0.0,1.0,0.0,0.0,1.0,1.0,0.0,0.0,0.0,0.0,0.0,1.0,1.0,0.0,1.0,0.0,0.0,0.0,1.0,0.0,0.0
train_024,15,1,3,6,1,82,280,73,15,1,6,-3.0,0.75,-3.0,-0.48,0.5199999999999999,-3.0,10.0,0.0,0.0,0.0,0.0,1.0,0.0,1.0,0.0,0.0,1.0,1.0,0.0,0.0,0.0,0.0,0.0,1.0,0.0,0.0,1.0,0.0,0.0,0.0,2.0,0.0,0.0,1.0
train_024,16,1,3,7,1,91,320,77,16,4,4,0.75,0.75,0.75,-0.48,10.7,0.5199999999999999,10.0,0.0,0.0,0.0,1.0,0.0,0.0,0.0,0.0,0.0,1.0,0.0,0.0,0.0,0.0,0.0,1.0,0.0,0.0,1.0,0.0,0.0,0.0,2.0,0.0,0.0,1.0,0.0
train_025,0,0,11,0,6,6,12,7,0,0,0,0.75,0.75,-3.0,-3.0,-3.0,-3.0,-0.5,-1.0,-1.0,-1.0,-1.0,-1.0,-1.0,-1.0,-1.0,-1.0,-1.0,0.0,1.0,-1.0,0.0,0.0,-1.0,-1.0,-1.0,-1.0,0.0,0.0,-1.0,1.0,0.0,-1.0,-1.0,-1.0
train_025,1,0,10,0,0,10,26,10,1,0,0,0.57,-3.0,-0.48,-3.0,0.5199999999999999,-3.0,-0.5,-1.0,-1.0,-1.0,-1.0,-1.0,-1.0,-1.0,-1.0,-1.0,-1.0,0.0,0.0,-1.0,0.0,1.0,-1.0,0.0,0.0,-1.0,0.0,0.0,-1.0,0.0,0.0,-1.0,1.0,0.0
train_025,2,0,9,0,0,13,36,11,2,1,1,-3.0,0.75,-0.48,-3.0,0.5199999999999999,-3.0,-0.5,-1.0,-1.0,-1.0,-1.0,-1.0,-1.0,-1.0,-1.0,-1.0,-1.0,1.0,0.0,-1.0,0.0,0.0,-1.0,0.0,1.0,-1.0,0.0,0.0,-1.0,0.0,0.0,-1.0,0.0,0.0
train_025,3,0,9,1,1,17,50,14,3,0,1,0.57,0.75,-3.0,-0.48,0.7,-3.0,-0.5,-1.0,-1.0,-1.0,-1.0,-1.0,-1.0,-1.0,-1.0,-1.0,1.0,0.0,0.0,0.0,0.0,0.0,0.0,1.0,1.0,0.0,0.0,1.0,0.0,0.0,0.0,0.0,0.0,0.0
train_025,4,0,8,1,0,22,64,19,4,1,1,-3.0,0.75,-0.48,-3.0,0.7,-3.0,-0.5,-1.0,-1.0,-1.0,-1.0,-1.0,-1.0,-1.0,-1.0,-1.0,0.0,1.0,0.0,1.0,0.0,0.0,0.0,0.0,0.0,0.0,0.0,0.0,0.0,0.0,1.0,0.0,0.0,0.0
train_025,5,0,8,2,1,28,88,26,5,0,0,0.75,0.75,0.57,-0.48,-3.0,-3.0,-0.5,-1.0,-1.0,-1.0,-1.0,-1.0,-1.0,-1.0,-1.0,-1.0,1.0,0.0,0.0,0.0,0.0,0.0,0.0,0.0,0.0,0.0,0.0,0.0,0.0,1.0,0.0,0.0,0.0,0.0
train_025,6,0,7,2,0,32,104,30,6,0,0,0.75,0.75,-0.48,-3.0,0.7,-3.0,-0.5,-1.0,-1.0,-1.0,-1.0,-1.0,-1.0,-1.0,-1.0,-1.0,1.0,0.0,0.0,1.0,0.0,0.0,0.0,0.0,0.0,1.0,0.0,0.0,0.0,0.0,0.0,0.0,1.0,0.0
train_025,7,0,6,2,0,37,122,32,7,0,1,0.57,0.75,-0.48,-3.0,0.7,-3.0,-0.5,-1.0,-1.0,-1.0,-1.0,-1.0,-1.0,-1.0,-1.0,-1.0,0.0,0.0,0.0,1.0,0.0,0.0,1.0,0.0,0.0,1.0,0.0,0.0,1.0,0.0,0.0,0.0,0.0,0.0
train_025,8,0,5,2,0,39,126,33,8,1,1,-3.0,0.75,-0.48,0.75,0.5199999999999999,-3.0,-0.5,-1.0,-1.0,-1.0,-1.0,-1.0,-1.0,-1.0,-1.0,-1.0,0.0,1.0,1.0,0.0,0.0,0.0,1.0,0.0,0.0,1.0,0.0,1.0,1.0,0.0,0.0,1.0,0.0,0.0
train_025,9,0,5,3,1,44,144,37,9,4,4,-3.0,0.57,0.57,-0.48,0.7,-3.0,-0.5,-1.0,-1.0,-1.0,-1.0,-1.0,-1.0,-1.0,-1.0,-1.0,1.0,1.0,1.0,0.0,0.0,0.0,0.0,0.0,0.0,0.0,1.0,0.0,0.0,0.0,0.0,0.0,0.0,0.0
train_025,10,1,5,3,4,52,176,48,10,4,1,-3.0,0.75,0.57,0.57,0.7,-0.53,-0.5,1.0,1.0,1.0,0.0,0.0,0.0,0.0,0.0,0.0,0.0,1.0,0.0,0.0,0.0,0.0,0.0,0.0,0.0,0.0,0.0,0.0,1.0,0.0,0.0,0.0,0.0,0.0
train_025,11,2,5,3,4,61,216,57,11,4,0,0.75,0.75,0.75,-3.0,0.7,-0.53,-0.5,0.0,1.0,0.0,0.0,0.0,0.0,0.0,0.0,0.0,0.0,0.0,0.0,1.0,0.0,0.0,0.0,0.0,0.0,0.0,0.0,0.0,0.0,0.0,0.0,0.0,0.0,0.0
train_025,12,3,5,3,4,68,242,59,12,4,4,0.75,0.75,0.75,0.75,10.52,-0.53,10.0,0.0,0.0,0.0,1.0,0.0,0.0,0.0,0.0,0.0,0.0,0.0,0.0,0.0,0.0,0.0,0.0,0.0,0.0,0.0,0.0,0.0,1.0,2.0,1.0,0.0,0.0,0.0
train_026,0,0,11,0,6,6,14,6,0,0,0,0.75,0.75,-3.0,-3.0,0.7,-3.0,-0.5,-1.0,-1.0,-1.0,-1.0,-1.0,-1.0,-1.0,-1.0,-1.0,-1.0,0.0,0.0,-1.0,0.0,0.0,-1.0,-1.0,-1.0,-1.0,1.0,1.0,-1.0,0.0,0.0,-1.0,-1.0,-1.0
train_026,1,0,10,0,0,10,26,9,1,1,0,0.75,0.75,-0.48,-3.0,-3.0,-3.0,-0.5,-1.0,-1.0,-1.0,-1.0,-1.0,-1.0,-1.0,-1.0,-1.0,-1.0,0.0,0.0,-1.0,0.0,0.0,-1.0,0.0,0.0,-1.0,0.0,0.0,-1.0,1.0,1.0,-1.0,0.0,0.0
train_026,2,0,10,1,1,15,44,13,2,1,0,0.75,0.57,0.57,-0.48,-3.0,-3.0,-0.5,-1.0,-1.0,-1.0,-1.0,-1.0,-1.0,-1.0,-1.0,-1.0,0.0,0.0,1.0,0.0,0.0,0.0,0.0,0.0,0.0,0.0,0.0,0.0,1.0,1.0,0.0,0.0,0.0,0.0
train_026,3,0,10,2,1,19,58,16,3,4,4,-3.0,-3.0,0.57,-0.48,0.7,-3.0,-0.5,-1.0,-1.0,-1.0,-1.0,-1.0,-1.0,-1.0,-1.0,-1.0,0.0,1.0,1.0,0.0,0.0,1.0,0.0,0.0,0.0,0.0,0.0,0.0,1.0,0.0,0.0,0.0,0.0,0.0
train_026,4,1,10,2,4,25,80,18,4,1,0,0.75,0.75,0.57,-3.0,0.5199999999999999,-0.53,-0.5,0.0,1.0,1.0,0.0,0.0,1.0,0.0,0.0,0.0,0.0,0.0,0.0,1.0,0.0,0.0,0.0,0.0,0.0,1.0,0.0,1.0,0.0,0.0,0.0,1.0,0.0,0.0
train_026,5,1,10,3,1,33,112,23,5,1,0,0.75,0.75,0.57,-0.48,0.7,-3.0,-0.5,1.0,1.0,0.0,0.0,1.0,0.0,0.0,0.0,0.0,0.0,0.0,0.0,0.0,0.0,0.0,0.0,0.0,0.0,0.0,1.0,1.0,0.0,0.0,0.0,0.0,0.0,0.0
train_026,6,1,10,4,1,41,146,27,6,1,0,0.75,0.75,0.57,-0.48,0.7,0.5199999999999999,-0.5,1.0,0.0,0.0,1.0,0.0,0.0,0.0,0.0,0.0,0.0,0.0,0.0,0.0,0.0,0.0,0.0,0.0,0.0,1.0,1.0,0.0,0.0,0.0,0.0,0.0,0.0,1.0
train_026,7,1,10,5,1,49,180,31,7,1,1,0.57,0.75,0.57,-0.48,0.7,0.5199999999999999,-0.5,0.0,0.0,1.0,0.0,0.0,0.0,0.0,0.0,0.0,0.0,0.0,0.0,0.0,0.0,0.0,0.0,0.0,0.0,1.0,0.0,0.0,0.0,0.0,0.0,0.0,1.0,0.0
train_026,8,1,10,6,1,56,206,34,8,1,0,0.75,0.75,0.57,-0.48,0.7,0.5199999999999999,-0.5,0.0,1.0,0.0,0.0,0.0,0.0,0.0,0.0,0.0,0.0,0.0,0.0,0.0,0.0,0.0,0.0,0.0,1.0,0.0,0.0,1.0,0.0,0.0,0.0,1.0,0.0,0.0
train_026,9,1,10,7,1,65,244,38,9,1,0,0.75,0.57,-3.0,-0.48,0.5199999999999999,0.5199999999999999,-0.5,1.0,0.0,0.0,0.0,0.0,0.0,0.0,0.0,0.0,0.0,0.0,0.0,0.0,0.0,0.0,0.0,1.0,0.0,0.0,1.0,0.0,0.0,0.0,0.0,0.0,0.0,0.0
train_026,10,1,10,8,1,72,270,40,10,4,0,0.75,-3.0,0.57,-0.48,0.7,0.5199999999999999,-0.5,0.0,0.0,0.0,0.0,0.0,0.0,0.0,0.0,0.0,0.0,0.0,0.0,0.0,0.0,1.0,1.0,0.0,0.0,1.0,0.0,0.0,0.0,0.0,0.0,0.0,0.0,1.0
train_026,11,2,10,8,4,78,286,48,11,4,4,0.57,0.75,0.57,0.57,10.7,-0.53,10.0,0.0,0.0,0.0,0.0,0.0,1.0,1.0,0.0,0.0,1.0,0.0,0.0,0.0,0.0,0.0,0.0,0.0,1.0,0.0,0.0,1.0,1.0,2.0,0.0,0.0,1.0,0.0
train_027,0,0,11,0,6,8,24,8,0,0,0,0.75,0.57,-3.0,-3.0,0.5199999999999999,-3.0,-0.5,-1.0,-1.0,-1.0,-1.0,-1.0,-1.0,-1.0,-1.0,-1.0,-1.0,0.0,0.0,-1.0,0.0,0.0,-1.0,-1.0,-1.0,-1.0,0.0,0.0,-1.0,0.0,0.0,-1.0,-1.0,-1.0
train_027,1,0,10,0,0,10,30,9,1,0,0,0.75,0.75,-0.48,-3.0,0.7,-3.0,-0.5,-1.0,-1.0,-1.0,-1.0,-1.0,-1.0,-1.0,-1.0,-1.0,-1.0,0.0,0.0,-1.0,0.0,0.0,-1.0,0.0,0.0,-1.0,1.0,1.0,-1.0,0.0,0.0,-1.0,0.0,0.0
train_027,2,0,9,0,0,14,42,15,2,0,0,0.75,0.75,-0.48,-3.0,-3.0,-3.0,-0.5,-1.0,-1.0,-1.0,-1.0,-1.0,-1.0,-1.0,-1.0,-1.0,-1.0,0.0,0.0,-1.0,0.0,0.0,-1.0,0.0,0.0,-1.0,0.0,0.0,-1.0,1.0,1.0,-1.0,0.0,0.0
train_027,3,0,8,0,0,18,58,18,3,0,0,0.75,0.75,-0.48,-3.0,0.7,-3.0,-0.5,-1.0,-1.0,-1.0,-1.0,-1.0,-1.0,-1.0,-1.0,-1.0,-1.0,0.0,0.0,-1.0,0.0,0.0,-1.0,0.0,0.0,-1.0,0.0,0.0,-1.0,0.0,0.0,-1.0,1.0,1.0
train_027,4,0,7,0,0,22,74,20,4,0,0,0.75,0.75,-0.48,-3.0,0.5199999999999999,-3.0,-0.5,-1.0,-1.0,-1.0,-1.0,-1.0,-1.0,-1.0,-1.0,-1.0,-1.0,0.0,0.0,-1.0,0.0,0.0,-1.0,0.0,0.0,-1.0,0.0,0.0,-1.0,0.0,0.0,-1.0,0.0,0.0
train_027,5,0,6,0,0,26,90,22,5,0,0,0.75,0.57,-0.48,-3.0,0.7,-3.0,-0.5,-1.0,-1.0,-1.0,-1.0,-1.0,-1.0,-1.0,-1.0,-1.0,-1.0,0.0,0.0,-1.0,0.0,0.0,-1.0,0.0,0.0,-1.0,0.0,0.0,-1.0,0.0,0.0,-1.0,0.0,0.0
train_027,6,0,5,0,0,29,100,24,6,0,0,0.75,0.75,-0.48,-3.0,0.7,-3.0,-0.5,-1.0,-1.0,-1.0,-1.0,-1.0,-1.0,-1.0,-1.0,-1.0,-1.0,0.0,0.0,-1.0,0.0,0.0,-1.0,0.0,0.0,-1.0,1.0,0.0,-1.0,0.0,0.0,-1.0,0.0,0.0
train_027,7,0,4,0,0,33,114,28,7,0,1,0.57,0.75,-0.48,-3.0,-3.0,-3.0,-0.5,-1.0,-1.0,-1.0,-1.0,-1.0,-1.0,-1.0,-1.0,-1.0,-1.0,0.0,0.0,-1.0,0.0,0.0,-1.0,0.0,0.0,-1.0,0.0,0.0,-1.0,1.0,0.0,-1.0,0.0,0.0
train_027,8,0,3,0,0,36,124,32,8,1,1,-3.0,0.75,-0.48,-3.0,0.7,-3.0,-0.5,-1.0,-1.0,-1.0,-1.0,-1.0,-1.0,-1.0,-1.0,-1.0,-1.0,1.0,0.0,-1.0,0.0,0.0,-1.0,0.0,0.0,-1.0,0.0,0.0,-1.0,0.0,0.0,-1.0,1.0,0.0
train_027,9,0,3,1,1,41,144,35,9,0,0,0.75,0.75,0.57,-0.48,0.7,-3.0,-0.5,-1.0,-1.0,-1.0,-1.0,-1.0,-1.0,-1.0,-1.0,-1.0,1.0,0.0,0.0,0.0,0.0,0.0,0.0,0.0,0.0,0.0,0.0,0.0,0.0,0.0,0.0,1.0,0.0,1.0
train_027,10,0,2,1,0,47,168,38,10,0,0,0.75,0.75,-0.48,-3.0,0.7,-3.0,-0.5,-1.0,-1.0,-1.0,-1.0,-1.0,-1.0,-1.0,-1.0,-1.0,0.0,0.0,0.0,1.0,0.0,0.0,0.0,0.0,0.0,0.0,0.0,0.0,0.0,0.0,0.0,0.0,0.0,0.0
train_027,11,0,1,1,0,53,194,35,11,4,4,0.57,0.57,-0.48,0.57,0.7,-3.0,-0.5,-1.0,-1.0,-1.0,-1.0,-1.0,-1.0,-1.0,-1.0,-1.0,0.0,0.0,0.0,0.0,0.0,0.0,1.0,0.0,0.0,0.0,0.0,0.0,0.0,0.0,0.0,0.0,0.0,0.0
train_027,12,1,1,1,4,58,208,38,12,4,1,0.57,0.75,0.57,0.57,0.7,-0.53,-0.5,0.0,0.0,0.0,0.0,0.0,0.0,1.0,0.0,0.0,0.0,0.0,0.0,0.0,0.0,0.0,0.0,0.0,0.0,0.0,1.0,0.0,1.0,0.0,1.0,0.0,0.0,1.0
train_027,13,2,1,1,4,67,242,45,13,4,4,-3.0,-3.0,0.75,-3.0,10.7,-0.53,10.0,0.0,0.0,0.0,0.0,0.0,0.0,0.0,0.0,0.0,0.0,1.0,0.0,1.0,0.0,1.0,0.0,0.0,1.0,0.0,0.0,0.0,0.0,2.0,0.0,0.0,0.0,0.0
train_028,0,0,11,0,6,7,18,7,0,0,0,0.75,0.75,-3.0,-3.0,0.7,-3.0,-0.5,-1.0,-1.0,-1.0,-1.0,-1.0,-1.0,-1.0,-1.0,-1.0,-1.0,0.0,0.0,-1.0,0.0,0.0,-1.0,-1.0,-1.0,-1.0,0.0,1.0,-1.0,0.0,0.0,-1.0,-1.0,-1.0
train_028,1,0,10,0,0,11,32,12,1,0,0,0.75,0.57,-0.48,-3.0,0.7,-3.0,-0.5,-1.0,-1.0,-1.0,-1.0,-1.0,-1.0,-1.0,-1.0,-1.0,-1.0,0.0,0.0,-1.0,0.0,0.0,-1.0,0.0,0.0,-1.0,0.0,0.0,-1.0,0.0,1.0,-1.0,0.0,0.0
train_028,2,0,9,0,0,15,48,14,2,0,0,0.75,0.75,-0.48,-3.0,0.7,-3.0,-0.5,-1.0,-1.0,-1.0,-1.0,-1.0,-1.0,-1.0,-1.0,-1.0,-1.0,0.0,0.0,-1.0,0.0,0.0,-1.0,0.0,0.0,-1.0,0.0,0.0,-1.0,0.0,0.0,-1.0,0.0,1.0
train_028,3,0,8,0,0,17,54,15,3,0,0,0.75,0.75,-0.48,-3.0,0.7,-3.0,-0.5,-1.0,-1.0,-1.0,-1.0,-1.0,-1.0,-1.0,-1.0,-1.0,-1.0,0.0,1.0,-1.0,0.0,0.0,-1.0,0.0,0.0,-1.0,0.0,1.0,-1.0,0.0,0.0,-1.0,0.0,0.0
train_028,4,0,7,0,0,21,66,20,4,0,0,0.75,-3.0,-0.48,-3.0,0.7,-3.0,-0.5,-1.0,-1.0,-1.0,-1.0,-1.0,-1.0,-1.0,-1.0,-1.0,-1.0,0.0,0.0,-1.0,0.0,1.0,-1.0,0.0,0.0,-1.0,0.0,0.0,-1.0,0.0,1.0,-1.0,0.0,0.0
train_028,5,0,6,0,0,24,76,22,5,0,1,0.57,0.75,-0.48,-3.0,0.7,-3.0,-0.5,-1.0,-1.0,-1.0,-1.0,-1.0,-1.0,-1.0,-1.0,-1.0,-1.0,0.0,0.0,-1.0,0.0,0.0,-1.0,0.0,1.0,-1.0,1.0,0.0,-1.0,0.0,0.0,-1.0,0.0,1.0
train_028,6,0,5,0,0,27,84,24,6,1,1,-3.0,0.75,-0.48,-3.0,-3.0,-3.0,-0.5,-1.0,-1.0,-1.0,-1.0,-1.0,-1.0,-1.0,-1.0,-1.0,-1.0,1.0,0.0,-1.0,0.0,0.0,-1.0,0.0,0.0,-1.0,0.0,0.0,-1.0,1.0,0.0,-1.0,0.0,0.0
train_028,7,0,5,1,1,32,104,27,7,0,4,0.57,0.57,0.57,-0.48,0.7,-3.0,-0.5,-1.0,-1.0,-1.0,-1.0,-1.0,-1.0,-1.0,-1.0,-1.0,1.0,0.0,1.0,0.0,0.0,0.0,0.0,0.0,0.0,0.0,0.0,0.0,1.0,0.0,0.0,0.0,0.0,0.0
train_028,8,0,4,1,0,36,116,31,8,4,4,-3.0,-3.0,-0.48,-3.0,0.5199999999999999,-3.0,-0.5,-1.0,-1.0,-1.0,-1.0,-1.0,-1.0,-1.0,-1.0,-1.0,0.0,1.0,1.0,1.0,0.0,1.0,0.0,0.0,0.0,0.0,0.0,0.0,0.0,0.0,0.0,1.0,0.0,0.0
train_028,9,1,4,1,4,43,140,38,9,0,0,0.75,0.57,0.57,0.57,-3.0,-0.53,-0.5,0.0,1.0,1.0,1.0,0.0,1.0,0.0,0.0,0.0,0.0,0.0,0.0,0.0,0.0,0.0,1.0,0.0,0.0,1.0,0.0,0.0,0.0,1.0,0.0,0.0,0.0,0.0
train_028,10,1,3,1,0,51,172,43,10,0,0,0.75,0.75,-0.48,0.57,0.7,-3.0,-0.5,0.0,0.0,0.0,0.0,1.0,1.0,1.0,0.0,1.0,0.0,0.0,0.0,0.0,0.0,0.0,0.0,0.0,0.0,1.0,0.0,0.0,1.0,0.0,0.0,0.0,1.0,0.0
train_028,11,1,2,1,0,58,200,46,11,1,0,0.75,0.75,-0.48,0.57,0.7,0.5199999999999999,-0.5,0.0,0.0,1.0,0.0,0.0,0.0,0.0,1.0,1.0,0.0,0.0,1.0,0.0,0.0,0.0,0.0,0.0,0.0,0.0,0.0,0.0,1.0,0.0,0.0,1.0,0.0,0.0
train_028,12,1,2,2,1,66,232,54,12,1,1,-3.0,0.75,0.57,-0.48,0.7,0.5199999999999999,-0.5,0.0,1.0,1.0,0.0,0.0,0.0,1.0,1.0,0.0,0.0,1.0,0.0,0.0,0.0,0.0,0.0,0.0,0.0,0.0,0.0,0.0,0.0,0.0,0.0,0.0,0.0,0.0
train_028,13,1,2,3,1,74,264,60,13,1,0,0.75,0.75,0.57,-0.48,0.7,0.5199999999999999,-0.5,1.0,1.0,0.0,0.0,0.0,0.0,1.0,0.0,0.0,1.0,0.0,1.0,0.0,0.0,0.0,0.0,0.0,0.0,0.0,0.0,0.0,0.0,0.0,0.0,0.0,0.0,0.0
train_028,14,1,2,4,1,79,282,62,14,4,1,-3.0,0.75,0.75,-0.48,0.7,0.5199999999999999,-0.5,1.0,0.0,0.0,0.0,0.0,0.0,0.0,0.0,0.0,0.0,1.0,1.0,0.0,0.0,0.0,0.0,0.0,1.0,0.0,0.0,1.0,0.0,0.0,0.0,0.0,0.0,1.0
train_028,15,2,2,4,4,88,320,70,15,4,4,0.75,0.57,0.75,0.57,10.7,-0.53,10.0,0.0,1.0,1.0,0.0,0.0,0.0,0.0,0.0,1.0,0.0,0.0,1.0,0.0,0.0,0.0,0.0,0.0,1.0,0.0,0.0,0.0,0.0,2.0,0.0,0.0,0.0,0.0
train_029,0,0,11,0,6,7,18,9,0,1,1,-3.0,0.75,-3.0,-3.0,0.5199999999999999,-3.0,-0.5,-1.0,-1.0,-1.0,-1.0,-1.0,-1.0,-1.0,-1.0,-1.0,-1.0,1.0,0.0,-1.0,0.0,0.0,-1.0,-1.0,-1.0,-1.0,0.0,0.0,-1.0,0.0,0.0,-1.0,-1.0,-1.0
train_029,1,0,11,1,1,10,28,11,1,0,0,0.75,0.75,-3.0,-0.48,0.7,-3.0,-0.5,-1.0,-1.0,-1.0,-1.0,-1.0,-1.0,-1.0,-1.0,-1.0,1.0,0.0,0.0,0.0,0.0,0.0,-1.0,-1.0,-1.0,0.0,0.0,0.0,0.0,0.0,1.0,-1.0,-1.0,-1.0
train_029,2,0,10,1,0,15,46,14,2,0,0,0.75,0.75,-0.48,-3.0,0.7,-3.0,-0.5,-1.0,-1.0,-1.0,-1.0,-1.0,-1.0,-1.0,-1.0,-1.0,0.0,0.0,0.0,1.0,0.0,0.0,0.0,0.0,0.0,0.0,0.0,1.0,0.0,0.0,0.0,0.0,0.0,1.0
train_029,3,0,9,1,0,20,64,17,3,0,0,0.75,0.75,-0.48,0.57,0.7,-3.0,-0.5,-1.0,-1.0,-1.0,-1.0,-1.0,-1.0,-1.0,-1.0,-1.0,0.0,0.0,0.0,0.0,0.0,0.0,1.0,0.0,0.0,1.0,0.0,0.0,0.0,0.0,1.0,0.0,0.0,0.0
train_029,4,0,8,1,0,25,82,22,4,0,0,0.75,0.75,-0.48,0.57,0.5199999999999999,-3.0,-0.5,-1.0,-1.0,-1.0,-1.0,-1.0,-1.0,-1.0,-1.0,-1.0,0.0,0.0,1.0,0.0,0.0,0.0,0.0,0.0,0.0,0.0,0.0,0.0,1.0,0.0,0.0,0.0,0.0,1.0
train_029,5,0,7,1,0,31,106,25,5,0,0,0.75,-3.0,-0.48,0.57,0.7,-3.0,-0.5,-1.0,-1.0,-1.0,-1.0,-1.0,-1.0,-1.0,-1.0,-1.0,0.0,0.0,0.0,0.0,0.0,1.0,0.0,0.0,0.0,0.0,0.0,0.0,0.0,0.0,0.0,1.0,0.0,0.0
train_029,6,0,6,1,0,34,116,26,6,1,0,0.75,0.75,-0.48,0.57,0.7,-3.0,-0.5,-1.0,-1.0,-1.0,-1.0,-1.0,-1.0,-1.0,-1.0,-1.0,0.0,0.0,1.0,0.0,0.0,0.0,0.0,0.0,1.0,1.0,0.0,1.0,0.0,0.0,0.0,0.0,0.0,0.0
train_029,7,0,6,2,1,40,136,35,7,1,1,-3.0,0.75,-3.0,-0.48,0.7,-3.0,-0.5,-1.0,-1.0,-1.0,-1.0,-1.0,-1.0,-1.0,-1.0,-1.0,0.0,1.0,0.0,0.0,0.0,0.0,0.0,1.0,0.0,0.0,1.0,0.0,0.0,0.0,0.0,0.0,0.0,0.0
train_029,8,0,6,3,1,46,162,41,8,1,0,0.75,0.75,0.75,-0.48,0.7,-3.0,-0.5,-1.0,-1.0,-1.0,-1.0,-1.0,-1.0,-1.0,-1.0,-1.0,1.0,0.0,0.0,0.0,0.0,0.0,1.0,0.0,0.0,1.0,0.0,0.0,0.0,0.0,0.0,0.0,0.0,0.0
train_029,9,0,6,4,1,52,188,46,9,1,0,0.75,0.75,0.75,-0.48,0.5199999999999999,-3.0,-0.5,-1.0,-1.0,-1.0,-1.0,-1.0,-1.0,-1.0,-1.0,-1.0,0.0,0.0,0.0,0.0,0.0,0.0,0.0,0.0,0.0,0.0,0.0,0.0,0.0,0.0,0.0,0.0,0.0,0.0
train_029,10,0,6,5,1,58,214,46,10,1,0,0.75,0.57,0.75,-0.48,0.5199999999999999,-3.0,-0.5,-1.0,-1.0,-1.0,-1.0,-1.0,-1.0,-1.0,-1.0,-1.0,0.0,0.0,0.0,0.0,0.0,0.0,0.0,0.0,0.0,0.0,0.0,0.0,0.0,0.0,0.0,0.0,0.0,0.0
train_029,11,0,6,6,1,59,216,46,11,4,0,0.75,-3.0,0.75,-0.48,0.7,-3.0,-0.5,-1.0,-1.0,-1.0,-1.0,-1.0,-1.0,-1.0,-1.0,-1.0,0.0,0.0,1.0,0.0,0.0,1.0,0.0,0.0,1.0,0.0,0.0,1.0,0.0,0.0,1.0,0.0,0.0,0.0
train_029,12,1,6,6,4,65,234,53,12,4,0,0.75,-3.0,0.57,0.57,0.5199999999999999,-0.53,-0.5,0.0,0.0,1.0,0.0,0.0,1.0,0.0,0.0,1.0,0.0,0.0,1.0,0.0,0.0,1.0,0.0,0.0,0.0,0.0,0.0,1.0,1.0,0.0,0.0,0.0,1.0,0.0
train_029,13,2,6,6,4,71,252,61,13,1,0,0.75,0.75,-3.0,-3.0,-3.0,-0.53,-0.5,0.0,0.0,1.0,0.0,0.0,1.0,0.0,0.0,0.0,0.0,0.0,1.0,1.0,0.0,0.0,0.0,1.0,0.0,0.0,0.0,1.0,0.0,1.0,0.0,0.0,1.0,0.0
train_029,14,2,6,7,1,78,276,68,14,1,1,-3.0,0.75,0.57,-0.48,0.7,-3.0,-0.5,0.0,1.0,1.0,0.0,1.0,0.0,0.0,0.0,1.0,0.0,1.0,0.0,0.0,0.0,0.0,1.0,0.0,0.0,0.0,1.0,0.0,1.0,0.0,0.0,1.0,0.0,0.0
train_029,15,2,6,8,1,85,298,76,15,4,0,0.75,0.75,0.57,-0.48,0.7,0.7,-0.5,1.0,1.0,0.0,1.0,0.0,1.0,0.0,1.0,0.0,1.0,0.0,0.0,0.0,0.0,0.0,0.0,0.0,1.0,1.0,0.0,0.0,0.0,0.0,0.0,0.0,0.0,0.0
train_029,16,3,6,8,4,92,324,79,16,4,4,0.75,0.75,0.75,0.57,10.52,-0.53,10.0,1.0,0.0,0.0,0.0,0.0,0.0,0.0,0.0,1.0,1.0,0.0,0.0,0.0,0.0,0.0,0.0,0.0,0.0,0.0,0.0,1.0,0.0,2.0,0.0,0.0,1.0,0.0
train_030,0,0,11,0,6,6,12,7,0,0,1,0.57,0.75,-3.0,-3.0,-3.0,-3.0,-0.5,-1.0,-1.0,-1.0,-1.0,-1.0,-1.0,-1.0,-1.0,-1.0,-1.0,0.0,1.0,-1.0,0.0,0.0,-1.0,-1.0,-1.0,-1.0,0.0,0.0,-1.0,1.0,0.0,-1.0,-1.0,-1.0
train_030,1,0,10,0,0,9,20,12,1,4,4,-3.0,-3.0,-0.48,-3.0,0.7,-3.0,-0.5,-1.0,-1.0,-1.0,-1.0,-1.0,-1.0,-1.0,-1.0,-1.0,-1.0,1.0,0.0,-1.0,0.0,1.0,-1.0,0.0,0.0,-1.0,0.0,0.0,-1.0,0.0,0.0,-1.0,1.0,0.0
train_030,2,1,10,0,4,14,40,17,2,0,0,0.75,0.75,-3.0,-3.0,0.7,-0.53,-0.5,-1.0,1.0,0.0,-1.0,0.0,1.0,-1.0,0.0,0.0,-1.0,0.0,0.0,-1.0,0.0,0.0,-1.0,1.0,0.0,-1.0,0.0,0.0,-1.0,0.0,0.0,-1.0,1.0,0.0
train_030,3,1,9,0,0,20,64,23,3,0,0,0.75,0.75,-0.48,-3.0,0.7,-3.0,-0.5,-1.0,0.0,0.0,-1.0,1.0,0.0,-1.0,0.0,1.0,-1.0,0.0,0.0,-1.0,0.0,0.0,-1.0,0.0,0.0,-1.0,0.0,0.0,-1.0,0.0,0.0,-1.0,0.0,0.0
train_030,4,1,8,0,0,26,90,28,4,0,0,0.75,0.75,-0.48,-3.0,0.7,0.5199999999999999,-0.5,-1.0,0.0,0.0,-1.0,0.0,0.0,-1.0,1.0,0.0,-1.0,0.0,0.0,-1.0,0.0,0.0,-1.0,0.0,0.0,-1.0,0.0,0.0,-1.0,0.0,0.0,-1.0,0.0,0.0
train_030,5,1,7,0,0,32,116,29,5,0,0,0.75,0.75,-0.48,-3.0,0.7,0.5199999999999999,-0.5,-1.0,0.0,0.0,-1.0,0.0,0.0,-1.0,0.0,0.0,-1.0,0.0,0.0,-1.0,0.0,0.0,-1.0,0.0,0.0,-1.0,0.0,0.0,-1.0,0.0,0.0,-1.0,0.0,0.0
train_030,6,1,6,0,0,36,130,31,6,0,0,0.75,0.75,-0.48,-3.0,0.7,0.5199999999999999,-0.5,-1.0,0.0,1.0,-1.0,0.0,0.0,-1.0,0.0,0.0,-1.0,0.0,0.0,-1.0,0.0,0.0,-1.0,0.0,0.0,-1.0,1.0,0.0,-1.0,0.0,0.0,-1.0,0.0,0.0
train_030,7,1,5,0,0,42,152,37,7,0,0,0.75,0.57,-0.48,-3.0,-3.0,0.5199999999999999,-0.5,-1.0,0.0,0.0,-1.0,0.0,1.0,-1.0,0.0,0.0,-1.0,0.0,0.0,-1.0,0.0,0.0,-1.0,0.0,0.0,-1.0,0.0,0.0,-1.0,1.0,0.0,-1.0,0.0,0.0
train_030,8,1,4,0,0,47,170,38,8,0,1,0.57,0.75,-0.48,-3.0,0.7,0.5199999999999999,-0.5,-1.0,0.0,0.0,-1.0,0.0,0.0,-1.0,0.0,1.0,-1.0,0.0,1.0,-1.0,0.0,0.0,-1.0,0.0,0.0,-1.0,0.0,0.0,-1.0,0.0,0.0,-1.0,1.0,0.0
train_030,9,1,3,0,0,50,178,42,9,4,4,-3.0,-3.0,-0.48,-3.0,0.7,0.5199999999999999,-0.5,-1.0,1.0,1.0,-1.0,0.0,0.0,-1.0,0.0,0.0,-1.0,1.0,0.0,-1.0,0.0,1.0,-1.0,0.0,0.0,-1.0,0.0,0.0,-1.0,0.0,0.0,-1.0,0.0,0.0
train_030,10,2,3,0,4,56,204,46,10,1,1,0.57,0.75,0.57,-3.0,0.7,-0.53,-0.5,-1.0,1.0,0.0,-1.0,0.0,1.0,-1.0,0.0,0.0,-1.0,0.0,0.0,-1.0,0.0,0.0,-1.0,0.0,0.0,-1.0,0.0,0.0,-1.0,0.0,0.0,-1.0,0.0,0.0
train_030,11,2,3,1,1,63,232,50,11,1,0,0.75,0.57,0.57,-0.48,0.7,-3.0,-0.5,1.0,0.0,0.0,0.0,1.0,0.0,0.0,0.0,0.0,0.0,0.0,0.0,0.0,0.0,0.0,0.0,0.0,0.0,0.0,0.0,1.0,0.0,0.0,0.0,0.0,0.0,1.0
train_030,12,2,3,2,1,69,248,58,12,4,2,0.57,-3.0,0.75,-0.48,0.7,0.7,-0.5,0.0,0.0,1.0,1.0,0.0,0.0,0.0,0.0,0.0,0.0,0.0,0.0,0.0,0.0,1.0,0.0,0.0,0.0,0.0,1.0,0.0,0.0,0.0,1.0,0.0,1.0,0.0
train_030,13,3,3,2,4,76,272,60,13,4,4,-3.0,-3.0,-3.0,0.57,10.52,-0.53,10.0,0.0,0.0,0.0,0.0,0.0,1.0,0.0,0.0,0.0,0.0,1.0,0.0,0.0,0.0,1.0,0.0,1.0,0.0,1.0,0.0,1.0,0.0,2.0,0.0,0.0,0.0,0.0
