epoch,train_loss,train_acc,val_loss,val_acc,best_val_acc
1,0.9203469689373237,0.597981311706629,1.0671312636799282,0.5237847222222223,0.5237847222222223
2,0.7457823198504105,0.6660349083215797,1.13322205013699,0.5657986111111111,0.5657986111111111
3,0.5076799855077553,0.7903737658674189,1.1976098974545797,0.6211805555555555,0.6211805555555555
4,0.3096131064281477,0.8779531029619182,1.6967726588249206,0.6378472222222222,0.6378472222222222
5,0.18392021708158915,0.9293899858956276,2.18362251288361,0.6515625,0.6515625
6,0.12699541608226317,0.9538522566995769,2.4899038771788278,0.6576388888888889,0.6576388888888889
7,0.09737982609334214,0.9645627644569816,2.73509183857176,0.6578125,0.6578125
8,0.07570437290436458,0.9730694640338505,2.79571775926484,0.6756944444444445,0.6756944444444445
9,0.05240830597934039,0.9829866008462623,3.050160977575514,0.68125,0.68125
10,0.01545150357998687,0.9969146685472496,3.493275629149543,0.6770833333333334,0.68125
11,0.0638748743690876,0.9768159379407616,3.221941402223375,0.6842013888888889,0.6842013888888889
12,0.03754981017667585,0.9887605782792666,3.3466969245009954,0.6911458333333333,0.6911458333333333
13,0.01598340513812554,0.9962976022566996,3.707906127969424,0.6800347222222223,0.6911458333333333
14,0.05882406608846527,0.9791519746121298,3.5724769009484185,0.6746527777777778,0.6911458333333333
15,0.04356809528163609,0.9861600846262342,3.1939881930748624,0.6895833333333333,0.6911458333333333
16,0.0153945452764851,0.9958127644569816,3.50461168885231,0.6987847222222222,0.6987847222222222
17,0.0026932282264775244,0.9996473906911142,3.681997764441702,0.7008680555555555,0.7008680555555555
18,0.0009130068988327793,1.0,3.802076829142041,0.7005208333333334,0.7008680555555555
19,0.0006452076826609108,1.0,3.923873664604293,0.6977430555555556,0.7008680555555555
20,0.0004972405253045197,1.0,4.006344884965155,0.6987847222222222,0.7008680555555555
21,0.0003964817316444756,1.0,4.086259968744384,0.6993055555555555,0.7008680555555555
22,0.0003219792486430502,1.0,4.1574102246099045,0.7005208333333334,0.7008680555555555
23,0.0002629160938716503,1.0,4.224040990405612,0.7001736111111111,0.7008680555555555
24,0.00021664993273871276,1.0,4.279626883400811,0.6994791666666667,0.7008680555555555
25,0.00018118568005635337,1.0,4.331002094679409,0.6996527777777778,0.7008680555555555
26,0.00015264319016056974,1.0,4.392601405911975,0.7003472222222222,0.7008680555555555
27,0.00013136601167521145,1.0,4.4396284997463225,0.7001736111111111,0.7008680555555555
28,0.00011206653747988053,1.0,4.488890827364392,0.7006944444444444,0.7008680555555555
29,9.705457209240991e-05,1.0,4.534349944856432,0.7010416666666667,0.7010416666666667
30,8.337489743135759e-05,1.0,4.5787215467956335,0.7012152777777778,0.7012152777777778
31,7.277290306390823e-05,1.0,4.625289671288597,0.7,0.7012152777777778
32,6.311388667273054e-05,1.0,4.668179744482041,0.7008680555555555,0.7012152777777778
33,5.521440020542689e-05,1.0,4.7105118956830765,0.7010416666666667,0.7012152777777778
34,4.809182901893498e-05,1.0,4.746537655923102,0.7005208333333334,0.7012152777777778
35,4.2327725078639006e-05,1.0,4.78691021932496,0.7005208333333334,0.7012152777777778
36,3.7412548844757714e-05,1.0,4.8240180204312,0.7008680555555555,0.7012152777777778
37,3.321045148479887e-05,1.0,4.857345403896438,0.7001736111111111,0.7012152777777778
38,2.920774748954102e-05,1.0,4.894602110319667,0.7006944444444444,0.7012152777777778
39,2.5686616097640625e-05,1.0,4.930092380775346,0.7010416666666667,0.7012152777777778
40,2.2538437059831218e-05,1.0,4.961560914913814,0.7006944444444444,0.7012152777777778
41,2.0214500800494305e-05,1.0,4.998777117331823,0.7008680555555555,0.7012152777777778
42,1.7838389767694768e-05,1.0,5.030134933193525,0.7008680555555555,0.7012152777777778
43,1.5776616432400678e-05,1.0,5.063870704836315,0.7006944444444444,0.7012152777777778
44,1.4039434305752945e-05,1.0,5.091392344898647,0.7006944444444444,0.7012152777777778
45,1.2572980045655967e-05,1.0,5.125930615928438,0.7003472222222222,0.7012152777777778
46,1.1172637330004138e-05,1.0,5.156222048401832,0.7006944444444444,0.7012152777777778
47,9.9655675929848e-06,1.0,5.181375914812088,0.7010416666666667,0.7012152777777778
48,8.90671790317261e-06,1.0,5.216775334212515,0.7005208333333334,0.7012152777777778
49,7.916873668766927e-06,1.0,5.240426256921556,0.7001736111111111,0.7012152777777778
50,7.139068441616968e-06,1.0,5.274755270282427,0.7005208333333334,0.7012152777777778
51,6.3735739853057325e-06,1.0,5.296233750383059,0.7001736111111111,0.7012152777777778
52,5.6533601690625676e-06,1.0,5.3257713499996395,0.6998263888888889,0.7012152777777778
53,5.132283583159538e-06,1.0,5.35468494395415,0.7001736111111111,0.7012152777777778
54,4.5681609487906205e-06,1.0,5.382029946313964,0.7,0.7012152777777778
55,4.0679655671962634e-06,1.0,5.413813637362586,0.7,0.7012152777777778
56,3.6421056123625185e-06,1.0,5.4332896673017075,0.7005208333333334,0.7012152777777778
57,3.292249077689267e-06,1.0,5.467448012696372,0.7001736111111111,0.7012152777777778
58,2.930114593198542e-06,1.0,5.49394593735536,0.7005208333333334,0.7012152777777778
59,2.632676136251969e-06,1.0,5.523197481036187,0.7006944444444444,0.7012152777777778
60,2.374419118342073e-06,1.0,5.543529279695617,0.7001736111111111,0.7012152777777778
61,2.1280888522058025e-06,1.0,5.5623300015926365,0.7003472222222222,0.7012152777777778
62,1.9144259062420795e-06,1.0,5.587455345524682,0.6998263888888889,0.7012152777777778
63,1.7065665857939557e-06,1.0,5.618302483691109,0.7005208333333334,0.7012152777777778
64,1.5439550529644152e-06,1.0,5.6361643566025625,0.6994791666666667,0.7012152777777778
65,1.3838649351301762e-06,1.0,5.668854861458143,0.6989583333333333,0.7012152777777778
66,1.2423437794870412e-06,1.0,5.686388778355386,0.6991319444444445,0.7012152777777778
67,1.1164013149758784e-06,1.0,5.70824793279171,0.6996527777777778,0.7012152777777778
68,1.0086478330011204e-06,1.0,5.7347170505258775,0.6996527777777778,0.7012152777777778
69,9.022920057849415e-07,1.0,5.757706946465704,0.6998263888888889,0.7012152777777778
70,8.154183844815401e-07,1.0,5.779885783791542,0.7003472222222222,0.7012152777777778
71,7.46072767152893e-07,1.0,5.806877161396875,0.6993055555555555,0.7012152777777778
72,6.579650870116124e-07,1.0,5.825828761524624,0.6996527777777778,0.7012152777777778
73,5.913780526591802e-07,1.0,5.848471992876795,0.6993055555555555,0.7012152777777778
74,5.357040558563862e-07,1.0,5.873595473170281,0.6998263888888889,0.7012152777777778
75,4.867501095981429e-07,1.0,5.890191860331429,0.7003472222222222,0.7012152777777778
76,4.3252642127608775e-07,1.0,5.916977641979853,0.6996527777777778,0.7012152777777778
77,3.91164827150198e-07,1.0,5.940954237182935,0.6994791666666667,0.7012152777777778
78,3.5256179920405446e-07,1.0,5.961642011668947,0.6998263888888889,0.7012152777777778
79,3.185141787931937e-07,1.0,5.982741334703234,0.7001736111111111,0.7012152777777778
80,2.9048258412290643e-07,1.0,6.002884495920605,0.6991319444444445,0.7012152777777778
81,2.571023446746376e-07,1.0,6.027541557285521,0.6994791666666667,0.7012152777777778
82,2.3233371788488288e-07,1.0,6.039990688694848,0.6996527777777778,0.7012152777777778
83,2.09619483407249e-07,1.0,6.065908265113831,0.6996527777777778,0.7012152777777778
84,1.8918037273562427e-07,1.0,6.093517046504551,0.6993055555555555,0.7012152777777778
85,1.703280445781916e-07,1.0,6.1092367066277395,0.6998263888888889,0.7012152777777778
86,1.534407981711127e-07,1.0,6.135344399346246,0.6994791666666667,0.7012152777777778
87,1.3827695775114325e-07,1.0,6.15622301167912,0.6991319444444445,0.7012152777777778
88,1.2478397041001144e-07,1.0,6.173127698898315,0.6991319444444445,0.7012152777777778
89,1.1286201111184461e-07,1.0,6.192118893729316,0.6994791666666667,0.7012152777777778
90,1.0120802154157704e-07,1.0,6.210946045981514,0.7,0.7012152777777778
91,9.172404457909035e-08,1.0,6.232023557027181,0.6996527777777778,0.7012152777777778
92,8.320685292567632e-08,1.0,6.252182756529914,0.6998263888888889,0.7012152777777778
93,7.402762472851302e-08,1.0,6.275358870956633,0.6993055555555555,0.7012152777777778
94,6.716552854339348e-08,1.0,6.2853085915247595,0.7,0.7012152777777778
95,6.076581401983344e-08,1.0,6.306536331441667,0.7003472222222222,0.7012152777777778
96,5.4681353608385175e-08,1.0,6.327172941631741,0.6994791666666667,0.7012152777777778
97,4.874401297451031e-08,1.0,6.35145142475764,0.6996527777777778,0.7012152777777778
98,4.41097333052038e-08,1.0,6.367015108797285,0.6998263888888889,0.7012152777777778
99,3.982749150818727e-08,1.0,6.3851873536904655,0.7006944444444444,0.7012152777777778
100,3.5897286169139925e-08,1.0,6.4028153340021765,0.7008680555555555,0.7012152777777778
101,3.239793204500796e-08,1.0,6.419951932960086,0.7,0.7012152777777778
102,2.935044618065808e-08,1.0,6.440473793612586,0.7005208333333334,0.7012152777777778
103,2.6239909256871244e-08,1.0,6.4640068544281855,0.7003472222222222,0.7012152777777778
104,2.3786157579552306e-08,1.0,6.475699242618349,0.7006944444444444,0.7012152777777778
105,2.1295625653429082e-08,1.0,6.493204989035925,0.7005208333333334,0.7012152777777778
106,1.9130859604516485e-08,1.0,6.510247188806534,0.7,0.7012152777777778
107,1.69503308352162e-08,1.0,6.524015820026397,0.7001736111111111,0.7012152777777778
108,1.5211161712755638e-08,1.0,6.544625181621975,0.7005208333333334,0.7012152777777778
109,1.3650638659240662e-08,1.0,6.563335325982836,0.6998263888888889,0.7012152777777778
110,1.2053335341575576e-08,1.0,6.5783041106330025,0.7001736111111111,0.7012152777777778
111,1.085535790891621e-08,1.0,6.588078493542142,0.7008680555555555,0.7012152777777778
112,9.78873764399509e-09,1.0,6.60294283496009,0.7003472222222222,0.7012152777777778
113,8.659065830449884e-09,1.0,6.614523601531983,0.7008680555555555,0.7012152777777778
114,7.813125630253797e-09,1.0,6.628566337956323,0.7001736111111111,0.7012152777777778
115,6.998711084108643e-09,1.0,6.6511237892839645,0.6996527777777778,0.7012152777777778
116,6.3576880033866805e-09,1.0,6.658548884921604,0.7,0.7012152777777778
117,5.532764874051251e-09,1.0,6.670178971687952,0.7001736111111111,0.7012152777777778
118,4.9968275651014845e-09,1.0,6.678948512342241,0.7010416666666667,0.7012152777777778
119,4.319024463570258e-09,1.0,6.695027740134133,0.7006944444444444,0.7012152777777778
120,3.846138572961709e-09,1.0,6.6990041891733805,0.7006944444444444,0.7012152777777778
121,3.4468127355593477e-09,1.0,6.702960735559463,0.7006944444444444,0.7012152777777778
122,3.0632497225204236e-09,1.0,6.715473906199137,0.7008680555555555,0.7012152777777778
123,2.7427381917114317e-09,1.0,6.714430871274736,0.7003472222222222,0.7012152777777778
124,2.427480924624559e-09,1.0,6.728558272785611,0.6998263888888889,0.7012152777777778
125,2.2856151580370365e-09,1.0,6.725393428405126,0.7012152777777778,0.7012152777777778
126,1.996629337964553e-09,1.0,6.730533331632614,0.7003472222222222,0.7012152777777778
127,1.9073064528786086e-09,1.0,6.733109714587529,0.7006944444444444,0.7012152777777778
128,1.7601864044045275e-09,1.0,6.735751448074977,0.7006944444444444,0.7012152777777778
129,1.6025577661633917e-09,1.0,6.739351618952221,0.7012152777777778,0.7012152777777778
130,1.4501834217096533e-09,1.0,6.743031926949819,0.7010416666666667,0.7012152777777778
131,1.345097665909636e-09,1.0,6.735534236166212,0.7013888888888888,0.7013888888888888
132,1.2715376427687253e-09,1.0,6.7372773773140375,0.7008680555555555,0.7013888888888888
133,1.1506890300345537e-09,1.0,6.739287709527545,0.7006944444444444,0.7013888888888888
134,1.1664518872818878e-09,1.0,6.730665514866511,0.7010416666666667,0.7013888888888888
135,1.113909008912109e-09,1.0,6.737412104341719,0.7,0.7013888888888888
136,1.3030633240663156e-09,1.0,6.741038224432203,0.7010416666666667,0.7013888888888888
137,9.037375013834139e-10,1.0,6.736500093672011,0.7012152777777778,0.7013888888888888
138,8.091603215705322e-10,1.0,6.7274532225396895,0.7020833333333333,0.7020833333333333
139,8.61703198061231e-10,1.0,6.725594587458504,0.7008680555555555,0.7020833333333333
140,7.986517418252367e-10,1.0,6.727074752913581,0.7,0.7020833333333333
141,7.828888814461029e-10,1.0,6.729410624504089,0.7012152777777778,0.7020833333333333
142,9.142460560743111e-10,1.0,6.721700735886892,0.7013888888888888,0.7020833333333333
143,6.200059606920488e-10,1.0,6.722995102405548,0.7,0.7020833333333333
144,6.147516734814309e-10,1.0,6.721389522155126,0.7003472222222222,0.7020833333333333
145,6.778031294042453e-10,1.0,6.712993038362927,0.7001736111111111,0.7020833333333333
146,6.51531688653456e-10,1.0,6.707635872893864,0.6993055555555555,0.7020833333333333
147,6.357688260820623e-10,1.0,6.725021902720133,0.6986111111111111,0.7020833333333333
148,6.252602469631268e-10,1.0,6.7048866311709086,0.7003472222222222,0.7020833333333333
149,5.6746308357499e-10,1.0,6.715363866090774,0.6998263888888889,0.7020833333333333
150,5.9373451430402e-10,1.0,6.708841889434391,0.6993055555555555,0.7020833333333333
151,0.2696379352913103,0.9483868124118476,1.4873945070637598,0.6310763888888888,0.7020833333333333
152,0.085797003265444,0.9728490832157969,2.7963672796885173,0.6795138888888889,0.7020833333333333
153,0.026458578120538773,0.9935208039492243,3.2670189128981697,0.6878472222222223,0.7020833333333333
154,0.010646772640527387,0.9973995063469676,3.8002590152952407,0.6729166666666667,0.7020833333333333
155,0.037279538235565374,0.9888928067700987,3.584570238325331,0.6802083333333333,0.7020833333333333
156,0.008785313711211358,0.9975758110014105,3.8768537355793846,0.6944444444444444,0.7020833333333333
157,0.001017702779164853,0.9999118476727785,3.988934736119376,0.6951388888888889,0.7020833333333333
158,0.00042355336090917626,1.0,4.095405744181739,0.6947916666666667,0.7020833333333333
159,0.000307000601107231,1.0,4.181091941065258,0.6949652777777777,0.7020833333333333
160,0.00023853944244512786,1.0,4.2633250461684336,0.6956597222222223,0.7020833333333333
161,0.00019224631119478752,1.0,4.337726741366916,0.6963541666666667,0.7020833333333333
162,0.00015685979437151312,1.0,4.406109290652805,0.6970486111111112,0.7020833333333333
163,0.00013047766190170664,1.0,4.470637702941895,0.6972222222222222,0.7020833333333333
164,0.0001100426024940569,1.0,4.532094614373313,0.6973958333333333,0.7020833333333333
165,9.325667336068874e-05,1.0,4.585490651925405,0.6975694444444445,0.7020833333333333
166,7.988811861643206e-05,1.0,4.645594747861226,0.6973958333333333,0.7020833333333333
167,6.86415912147857e-05,1.0,4.696299515830146,0.6973958333333333,0.7020833333333333
168,5.9444215672268966e-05,1.0,4.747640934255388,0.6965277777777777,0.7020833333333333
169,5.168943570641535e-05,1.0,4.797151283423106,0.6973958333333333,0.7020833333333333
170,4.5053869696765515e-05,1.0,4.843983107142979,0.696875,0.7020833333333333
171,3.9363032571532354e-05,1.0,4.894966073830923,0.6970486111111112,0.7020833333333333
172,3.454921823681289e-05,1.0,4.939676173528036,0.696875,0.7020833333333333
173,3.048343146070431e-05,1.0,4.984864028294881,0.6967013888888889,0.7020833333333333
174,2.6749028666723225e-05,1.0,5.030209379725986,0.6977430555555556,0.7020833333333333
175,2.3635990846831856e-05,1.0,5.074044913715786,0.696875,0.7020833333333333
176,2.089267018651268e-05,1.0,5.115380318959554,0.6961805555555556,0.7020833333333333
177,1.8437425027981045e-05,1.0,5.1589653809865315,0.6960069444444444,0.7020833333333333
178,1.636698519464087e-05,1.0,5.201983867751228,0.6961805555555556,0.7020833333333333
179,1.4534204417400174e-05,1.0,5.243902598487006,0.6958333333333333,0.7020833333333333
180,1.294408389217334e-05,1.0,5.283419724305471,0.6960069444444444,0.7020833333333333
181,1.1507809618611307e-05,1.0,5.3237035367223955,0.6961805555555556,0.7020833333333333
182,1.0250810457328505e-05,1.0,5.362502802742852,0.6965277777777777,0.7020833333333333
183,9.108673654386577e-06,1.0,5.405471154054006,0.6960069444444444,0.7020833333333333
184,8.140254141017196e-06,1.0,5.444051967726813,0.6961805555555556,0.7020833333333333
185,7.277864453848123e-06,1.0,5.483917480044894,0.6965277777777777,0.7020833333333333
186,6.498903303829692e-06,1.0,5.521305647161272,0.6963541666666667,0.7020833333333333
187,5.7797760759153214e-06,1.0,5.559621262550354,0.696875,0.7020833333333333
188,5.183900126989761e-06,1.0,5.598296923107571,0.6965277777777777,0.7020833333333333
189,4.628251004774497e-06,1.0,5.637145362959968,0.6961805555555556,0.7020833333333333
190,4.161926739924906e-06,1.0,5.675338925255669,0.6965277777777777,0.7020833333333333
191,3.726518640647755e-06,1.0,5.713024757968055,0.6965277777777777,0.7020833333333333
192,3.344392073676393e-06,1.0,5.748449704382154,0.696875,0.7020833333333333
193,2.9803467113131835e-06,1.0,5.7863335914082,0.6967013888888889,0.7020833333333333
194,2.6951975023146716e-06,1.0,5.821507000923157,0.696875,0.7020833333333333
195,2.410007657888211e-06,1.0,5.856184697151184,0.6970486111111112,0.7020833333333333
196,2.158803662834867e-06,1.0,5.891366095013089,0.6973958333333333,0.7020833333333333
197,1.961734252240597e-06,1.0,5.92863716814253,0.6972222222222222,0.7020833333333333
198,1.7537151324348996e-06,1.0,5.961407323678334,0.6973958333333333,0.7020833333333333
199,1.5763297050538075e-06,1.0,5.9954254653718735,0.6972222222222222,0.7020833333333333
200,1.4221252336997058e-06,1.0,6.031159294976129,0.6972222222222222,0.7020833333333333
201,1.2789225775700013e-06,1.0,6.066110523541768,0.6970486111111112,0.7020833333333333
202,1.1522653501201417e-06,1.0,6.095531696743436,0.6967013888888889,0.7020833333333333
203,1.0380074276550127e-06,1.0,6.129280130068461,0.6965277777777777,0.7020833333333333
204,9.374051653424537e-07,1.0,6.161967219246758,0.696875,0.7020833333333333
205,8.483250997906178e-07,1.0,6.193580354584588,0.6970486111111112,0.7020833333333333
206,7.640161185330744e-07,1.0,6.223919571770562,0.6970486111111112,0.7020833333333333
207,6.901258817322687e-07,1.0,6.255810830328199,0.696875,0.7020833333333333
208,6.233972093743281e-07,1.0,6.286177394125197,0.6967013888888889,0.7020833333333333
209,5.660892002716743e-07,1.0,6.316689115100437,0.6965277777777777,0.7020833333333333
210,5.123539543394289e-07,1.0,6.346275725629595,0.6965277777777777,0.7020833333333333
211,4.625122495531575e-07,1.0,6.37635854350196,0.6967013888888889,0.7020833333333333
212,4.181033182056521e-07,1.0,6.4040323628319635,0.6965277777777777,0.7020833333333333
213,3.798627894805581e-07,1.0,6.432744805018107,0.6967013888888889,0.7020833333333333
214,3.4154357831956434e-07,1.0,6.461199887593588,0.696875,0.7020833333333333
215,3.093454551310563e-07,1.0,6.4903396394517685,0.6967013888888889,0.7020833333333333
216,2.8092513489688565e-07,1.0,6.515602903895908,0.696875,0.7020833333333333
217,2.542492298702026e-07,1.0,6.543480700916714,0.696875,0.7020833333333333
218,2.3149822920554542e-07,1.0,6.5702680163913305,0.696875,0.7020833333333333
219,2.0918861941208503e-07,1.0,6.595763977368673,0.696875,0.7020833333333333
220,1.899369620881468e-07,1.0,6.621510762638516,0.6967013888888889,0.7020833333333333
221,1.72387686869106e-07,1.0,6.6471767346064246,0.6967013888888889,0.7020833333333333
222,1.554794427015308e-07,1.0,6.672464285956488,0.6967013888888889,0.7020833333333333
223,1.4083577902323578e-07,1.0,6.695058128568861,0.6967013888888889,0.7020833333333333
224,1.2775262919440933e-07,1.0,6.721339649624294,0.696875,0.7020833333333333
225,1.1620898105328699e-07,1.0,6.744345781538222,0.696875,0.7020833333333333
226,1.0565838664794397e-07,1.0,6.769353254636129,0.696875,0.7020833333333333
227,9.582237534583746e-08,1.0,6.791978306240505,0.6972222222222222,0.7020833333333333
228,8.673247141770244e-08,1.0,6.816470985942416,0.6973958333333333,0.7020833333333333
229,7.868816679267981e-08,1.0,6.838698657353719,0.696875,0.7020833333333333
230,7.10589498892567e-08,1.0,6.860946811570061,0.6975694444444445,0.7020833333333333
231,6.451211372908691e-08,1.0,6.885251299540202,0.6975694444444445,0.7020833333333333
232,5.8291043825075523e-08,1.0,6.906758904457092,0.6979166666666666,0.7020833333333333
233,5.3005234701341526e-08,1.0,6.927400726742214,0.6979166666666666,0.7020833333333333
234,4.7898070703255026e-08,1.0,6.946598900689019,0.6979166666666666,0.7020833333333333
235,4.3579049191092885e-08,1.0,6.971209353870815,0.6975694444444445,0.7020833333333333
236,3.945443588700198e-08,1.0,6.989364523357815,0.6975694444444445,0.7020833333333333
237,3.570813078353655e-08,1.0,7.010662115944756,0.6977430555555556,0.7020833333333333
238,3.23769141608189e-08,1.0,7.02891125149197,0.6977430555555556,0.7020833333333333
239,2.898789971703515e-08,1.0,7.047342448764377,0.6979166666666666,0.7020833333333333
240,2.6255671211847057e-08,1.0,7.066565516259935,0.6980902777777778,0.7020833333333333
241,2.3607511409762768e-08,1.0,7.084268063969082,0.6980902777777778,0.7020833333333333
242,2.146901671892144e-08,1.0,7.102192971441481,0.6980902777777778,0.7020833333333333
243,1.9272725126197263e-08,1.0,7.120427028338114,0.6982638888888889,0.7020833333333333
244,1.7381181979979258e-08,1.0,7.137169456481933,0.6977430555555556,0.7020833333333333
245,1.569455593350504e-08,1.0,7.158313515451219,0.6979166666666666,0.7020833333333333
246,1.4060472846201033e-08,1.0,7.173320044411553,0.6979166666666666,0.7020833333333333
247,1.2578763972128353e-08,1.0,7.186976318889194,0.6977430555555556,0.7020833333333333
248,1.1365023584509498e-08,1.0,7.201241305139329,0.6979166666666666,0.7020833333333333
249,1.0350946257462355e-08,1.0,7.217157318856981,0.6979166666666666,0.7020833333333333
250,9.221274515948544e-09,1.0,7.2303780608707005,0.6973958333333333,0.7020833333333333
251,8.296519953413051e-09,1.0,7.244037283791436,0.6975694444444445,0.7020833333333333
252,7.377019675269559e-09,1.0,7.256301760673523,0.6975694444444445,0.7020833333333333
253,6.520570878729638e-09,1.0,7.264628399742974,0.6977430555555556,0.7020833333333333
254,5.879547775458717e-09,1.0,7.2730511162016125,0.6977430555555556,0.7020833333333333
255,5.380390495460895e-09,1.0,7.283436528841654,0.6970486111111112,0.7020833333333333
256,4.718350293456299e-09,1.0,7.287531479199727,0.6973958333333333,0.7020833333333333
257,4.171904394113118e-09,1.0,7.291759936014811,0.6979166666666666,0.7020833333333333
258,3.79359568676243e-09,1.0,7.300634937816196,0.6972222222222222,0.7020833333333333
259,3.3574898407648243e-09,1.0,7.305391730202569,0.6975694444444445,0.7020833333333333
260,3.0159611354326024e-09,1.0,7.308761684099833,0.6973958333333333,0.7020833333333333
261,2.6901953026935336e-09,1.0,7.310124707221985,0.6980902777777778,0.7020833333333333
262,2.4169723473847036e-09,1.0,7.315304517745972,0.6979166666666666,0.7020833333333333
263,2.1017150950172904e-09,1.0,7.316103741857741,0.6979166666666666,0.7020833333333333
264,1.991375052006655e-09,1.0,7.318051282564799,0.6977430555555556,0.7020833333333333
265,1.7496778190219924e-09,1.0,7.315087583329943,0.6979166666666666,0.7020833333333333
266,1.5920491929948759e-09,1.0,7.317713803715176,0.6977430555555556,0.7020833333333333
267,1.4186576990723058e-09,1.0,7.316236056221856,0.6980902777777778,0.7020833333333333
268,1.3450976687282557e-09,1.0,7.311540110905965,0.6979166666666666,0.7020833333333333
269,1.2242490538018243e-09,1.0,7.310261114438375,0.6973958333333333,0.7020833333333333
270,1.1296718717966828e-09,1.0,7.307131417592367,0.6973958333333333,0.7020833333333333
271,1.0193318294124074e-09,1.0,7.29547869099511,0.6975694444444445,0.7020833333333333
272,8.722117762406266e-10,1.0,7.287767057948642,0.6973958333333333,0.7020833333333333
273,8.406860435815197e-10,1.0,7.279064422183566,0.6975694444444445,0.7020833333333333
274,7.303460049554041e-10,1.0,7.271158411767748,0.6972222222222222,0.7020833333333333
275,6.778031259592655e-10,1.0,7.251754381921557,0.6972222222222222,0.7020833333333333
276,6.252602485290267e-10,1.0,7.236194154951307,0.6967013888888889,0.7020833333333333
277,6.357688242029824e-10,1.0,7.225196507241991,0.6973958333333333,0.7020833333333333
278,5.832259473991037e-10,1.0,7.203668112225003,0.6970486111111112,0.7020833333333333
279,5.884802324174617e-10,1.0,7.19108313454522,0.6970486111111112,0.7020833333333333
280,5.6746308357499e-10,1.0,7.177395261658562,0.6970486111111112,0.7020833333333333
281,5.6746308388817e-10,1.0,7.158644162284004,0.6967013888888889,0.7020833333333333
282,5.306830668370651e-10,1.0,7.155551348792182,0.6963541666666667,0.7020833333333333
283,4.571230396248148e-10,1.0,7.1420499086380005,0.6967013888888889,0.7020833333333333
284,4.361058879637233e-10,1.0,7.116761530770196,0.6970486111111112,0.7020833333333333
285,4.728859012566684e-10,1.0,7.101130127906799,0.6970486111111112,0.7020833333333333
286,4.3610588859008326e-10,1.0,7.094369747903612,0.696875,0.7020833333333333
287,4.361058879637233e-10,1.0,7.080336764123705,0.6965277777777777,0.7020833333333333
288,4.04580162194576e-10,1.0,7.059049640761481,0.6970486111111112,0.7020833333333333
289,3.783087233228666e-10,1.0,7.052629097302755,0.6963541666666667,0.7020833333333333
290,4.1508873504991193e-10,1.0,7.038330337736341,0.6967013888888889,0.7020833333333333
291,0.2648074448084728,0.9376322284908322,2.3609169085820514,0.6638888888888889,0.7020833333333333
292,0.02588059093503673,0.9938293370944993,3.2201425433158875,0.6684027777777778,0.7020833333333333
293,0.02311485408567554,0.9931681946403385,3.3063474284278023,0.6729166666666667,0.7020833333333333
294,0.03638506043907281,0.9886283497884344,3.3002130707105,0.6755208333333333,0.7020833333333333
295,0.004374144041066141,0.9992507052186178,3.542038257916768,0.6836805555555555,0.7020833333333333
296,0.0006059036006111973,1.0,3.7040386213196648,0.6855902777777778,0.7020833333333333
297,0.00037685475162426156,1.0,3.8574316461881,0.6847222222222222,0.7020833333333333
298,0.0002702182857976499,1.0,3.9669012520048352,0.6847222222222222,0.7020833333333333
299,0.00020758589554879532,1.0,4.060666494899326,0.6847222222222222,0.7020833333333333
300,0.00016432981809229446,1.0,4.143051977952322,0.6850694444444444,0.7020833333333333
301,0.00013376957960134538,1.0,4.217515614297655,0.6855902777777778,0.7020833333333333
302,0.00010996864916314568,1.0,4.29037312136756,0.6868055555555556,0.7020833333333333
303,9.209764219080959e-05,1.0,4.355953198009067,0.6869791666666667,0.7020833333333333
304,7.803925750721298e-05,1.0,4.41557856798172,0.6871527777777777,0.7020833333333333
305,6.64944323040847e-05,1.0,4.471425142553118,0.6869791666666667,0.7020833333333333
306,5.691575786812764e-05,1.0,4.525970917277866,0.6864583333333333,0.7020833333333333
307,4.923366059981647e-05,1.0,4.581679379940033,0.6868055555555556,0.7020833333333333
308,4.2635207429684385e-05,1.0,4.6321586449941,0.6868055555555556,0.7020833333333333
309,3.715726523986464e-05,1.0,4.683774579895867,0.6869791666666667,0.7020833333333333
310,3.2517319009848676e-05,1.0,4.731852014859517,0.6871527777777777,0.7020833333333333
311,2.847500508874034e-05,1.0,4.777598426077101,0.6871527777777777,0.7020833333333333
312,2.5099247663495477e-05,1.0,4.82199834452735,0.6868055555555556,0.7020833333333333
313,2.207695326384422e-05,1.0,4.870262644026014,0.6871527777777777,0.7020833333333333
314,1.9524520049230406e-05,1.0,4.911728098657396,0.6864583333333333,0.7020833333333333
315,1.7286354102083806e-05,1.0,4.953428297572666,0.6862847222222223,0.7020833333333333
316,1.534236037556679e-05,1.0,4.996917875607808,0.6861111111111111,0.7020833333333333
317,1.3638640572970036e-05,1.0,5.036902623706394,0.6859375,0.7020833333333333
318,1.2104948044315996e-05,1.0,5.076325575510661,0.6861111111111111,0.7020833333333333
319,1.0789948982650963e-05,1.0,5.118132056130303,0.6862847222222223,0.7020833333333333
320,9.602599109709607e-06,1.0,5.1557810915841,0.6864583333333333,0.7020833333333333
321,8.561974535526265e-06,1.0,5.196541208691067,0.6862847222222223,0.7020833333333333
322,7.651396612735674e-06,1.0,5.233533949322171,0.6864583333333333,0.7020833333333333
323,6.829959735737678e-06,1.0,5.2721576452255245,0.6869791666666667,0.7020833333333333
324,6.109950189567238e-06,1.0,5.310654626952277,0.6871527777777777,0.7020833333333333
325,5.470583595183437e-06,1.0,5.347358536720276,0.6873263888888889,0.7020833333333333
326,4.8921319356066505e-06,1.0,5.3826858149634464,0.6876736111111111,0.7020833333333333
327,4.377525058223676e-06,1.0,5.419816727108426,0.6876736111111111,0.7020833333333333
328,3.9258410381442215e-06,1.0,5.460221836302016,0.6875,0.7020833333333333
329,3.5168049288110277e-06,1.0,5.493461102909512,0.6875,0.7020833333333333
330,3.1570163287623393e-06,1.0,5.530453160074022,0.6878472222222223,0.7020833333333333
331,2.8353968853952247e-06,1.0,5.566996359825135,0.6873263888888889,0.7020833333333333
332,2.5425899631919043e-06,1.0,5.604520609643724,0.6873263888888889,0.7020833333333333
333,2.2856047236969184e-06,1.0,5.638730912738376,0.6873263888888889,0.7020833333333333
334,2.052940525991751e-06,1.0,5.672412464353774,0.6873263888888889,0.7020833333333333
335,1.8471400762592914e-06,1.0,5.708939867549472,0.6869791666666667,0.7020833333333333
336,1.6572014605006826e-06,1.0,5.744968925582038,0.6871527777777777,0.7020833333333333
337,1.4892041566042815e-06,1.0,5.779764691988627,0.6871527777777777,0.7020833333333333
338,1.3392544312669005e-06,1.0,5.814005658361647,0.6871527777777777,0.7020833333333333
339,1.2047152765168938e-06,1.0,5.848897714085049,0.6871527777777777,0.7020833333333333
340,1.082391792202897e-06,1.0,5.879591268963284,0.6871527777777777,0.7020833333333333
341,9.740865713284686e-07,1.0,5.9166664388444685,0.6868055555555556,0.7020833333333333
342,8.754962160837467e-07,1.0,5.951766297552321,0.6869791666666667,0.7020833333333333
343,7.880814554545496e-07,1.0,5.984971698125204,0.6868055555555556,0.7020833333333333
344,7.084744243868086e-07,1.0,6.0208016422059805,0.6871527777777777,0.7020833333333333
345,6.366700033649925e-07,1.0,6.053660069571601,0.6868055555555556,0.7020833333333333
346,5.724367890844971e-07,1.0,6.087701580259535,0.6866319444444444,0.7020833333333333
347,5.150971824971457e-07,1.0,6.122109222412109,0.6868055555555556,0.7020833333333333
348,4.6218683727556004e-07,1.0,6.156974864006043,0.6866319444444444,0.7020833333333333
349,4.167689965163118e-07,1.0,6.190370745129055,0.6864583333333333,0.7020833333333333
350,3.746613683155982e-07,1.0,6.222920338312785,0.6864583333333333,0.7020833333333333
351,3.3761879576200116e-07,1.0,6.258859798643324,0.6864583333333333,0.7020833333333333
352,3.034345325312167e-07,1.0,6.294175497690836,0.6862847222222223,0.7020833333333333
353,2.738057085846485e-07,1.0,6.327125840716892,0.6864583333333333,0.7020833333333333
354,2.456060422559056e-07,1.0,6.359697967105442,0.6864583333333333,0.7020833333333333
355,2.217989332608566e-07,1.0,6.391597109370761,0.6864583333333333,0.7020833333333333
356,1.994472555492142e-07,1.0,6.427276515960694,0.6864583333333333,0.7020833333333333
357,1.7951778938158986e-07,1.0,6.457820569144355,0.6864583333333333,0.7020833333333333
358,1.6154291031826445e-07,1.0,6.492201293839349,0.6862847222222223,0.7020833333333333
359,1.4579058547145808e-07,1.0,6.524968875779046,0.6862847222222223,0.7020833333333333
360,1.309735210165859e-07,1.0,6.557240608003404,0.6862847222222223,0.7020833333333333
361,1.1795341743174109e-07,1.0,6.589786842134264,0.6862847222222223,0.7020833333333333
362,1.0632569547391225e-07,1.0,6.623726031515333,0.6862847222222223,0.7020833333333333
363,9.552814639371202e-08,1.0,6.655297697914971,0.6862847222222223,0.7020833333333333
364,8.654857913939741e-08,1.0,6.689671585294936,0.6862847222222223,0.7020833333333333
365,7.780545411022974e-08,1.0,6.716763899061415,0.6864583333333333,0.7020833333333333
366,7.009742179218248e-08,1.0,6.749099763234456,0.6862847222222223,0.7020833333333333
367,6.302515633094158e-08,1.0,6.781711657842,0.6861111111111111,0.7020833333333333
368,5.680933921181646e-08,1.0,6.809153932995266,0.6864583333333333,0.7020833333333333
369,5.12608146383116e-08,1.0,6.839402580261231,0.6868055555555556,0.7020833333333333
370,4.633229660268949e-08,1.0,6.8699315441979305,0.6862847222222223,0.7020833333333333
371,4.178733962273144e-08,1.0,6.895837614271376,0.6866319444444444,0.7020833333333333
372,3.757340298664676e-08,1.0,6.923945779270596,0.6862847222222223,0.7020833333333333
373,3.3790318023972934e-08,1.0,6.953543753094143,0.6866319444444444,0.7020833333333333
374,3.0742832019318425e-08,1.0,6.978505044513279,0.6866319444444444,0.7020833333333333
375,2.7784669158749705e-08,1.0,7.007048307524787,0.6868055555555556,0.7020833333333333
376,2.5168034880120296e-08,1.0,7.032920156584845,0.6864583333333333,0.7020833333333333
377,2.2819368861202404e-08,1.0,7.058344051573012,0.6866319444444444,0.7020833333333333
378,2.0460194073065328e-08,1.0,7.082662831412422,0.6866319444444444,0.7020833333333333
379,1.8589668195324547e-08,1.0,7.109082871013218,0.6868055555555556,0.7020833333333333
380,1.6603547813547626e-08,1.0,7.131555422147115,0.6873263888888889,0.7020833333333333
381,1.490115891013925e-08,1.0,7.1525918112860785,0.6871527777777777,0.7020833333333333
382,1.3477247060715978e-08,1.0,7.175639692942301,0.6871527777777777,0.7020833333333333
383,1.2084861060767944e-08,1.0,7.1983462492624914,0.6873263888888889,0.7020833333333333
384,1.0808069315564788e-08,1.0,7.220320558547973,0.6875,0.7020833333333333
385,9.788737576035036e-09,1.0,7.239395168092516,0.6873263888888889,0.7020833333333333
386,8.737880127021493e-09,1.0,7.256849379009671,0.6876736111111111,0.7020833333333333
387,7.760582735598659e-09,1.0,7.271641540527344,0.6878472222222223,0.7020833333333333
388,7.0249824706792955e-09,1.0,7.289658591482374,0.6875,0.7020833333333333
389,6.2315850974914715e-09,1.0,7.304119332631429,0.6876736111111111,0.7020833333333333
390,5.53801913746019e-09,1.0,7.318057176801894,0.6873263888888889,0.7020833333333333
391,4.9863189546645516e-09,1.0,7.327468559477064,0.6876736111111111,0.7020833333333333
392,4.502924485876606e-09,1.0,7.343145598305596,0.6876736111111111,0.7020833333333333
393,3.940715761856809e-09,1.0,7.347659084531996,0.6875,0.7020833333333333
394,3.54138990785591e-09,1.0,7.358336671193441,0.6875,0.7020833333333333
395,3.131555465340676e-09,1.0,7.363640615675185,0.6875,0.7020833333333333
396,2.916129679683582e-09,1.0,7.370700218942431,0.6880208333333333,0.7020833333333333
397,2.569346677432163e-09,1.0,7.373411035537719,0.6876736111111111,0.7020833333333333
398,2.2593437144676273e-09,1.0,7.373222006691827,0.6880208333333333,0.7020833333333333
399,2.1122236766416656e-09,1.0,7.375706270005968,0.6881944444444444,0.7020833333333333
400,1.881035018078239e-09,1.0,7.374599170684815,0.6881944444444444,0.7020833333333333
401,1.7339149686646179e-09,1.0,7.37530222468906,0.6883680555555556,0.7020833333333333
402,1.5500148918649527e-09,1.0,7.3757314311133495,0.6878472222222223,0.7020833333333333
403,1.429166238104204e-09,1.0,7.374095074335734,0.6878472222222223,0.7020833333333333
404,1.2767919362429428e-09,1.0,7.368376400735643,0.6876736111111111,0.7020833333333333
405,1.1769604651481033e-09,1.0,7.366255686018202,0.6876736111111111,0.7020833333333333
406,1.0876375753644593e-09,1.0,7.360998752382066,0.6878472222222223,0.7020833333333333
407,9.720432435773062e-10,1.0,7.359790441724989,0.6876736111111111,0.7020833333333333
408,8.984832141727961e-10,1.0,7.355439307954576,0.6876736111111111,0.7020833333333333
409,8.196688994367478e-10,1.0,7.346222543716431,0.6880208333333333,0.7020833333333333
410,7.093288548602125e-10,1.0,7.338036473592123,0.6878472222222223,0.7020833333333333
411,6.830574141094233e-10,1.0,7.331216764450073,0.6878472222222223,0.7020833333333333
412,6.357688248293424e-10,1.0,7.324909856584337,0.6881944444444444,0.7020833333333333
413,5.832259467727437e-10,1.0,7.3075661341349285,0.6876736111111111,0.7020833333333333
414,4.728859034489284e-10,1.0,7.301577112409803,0.6876736111111111,0.7020833333333333
415,5.201744939817291e-10,1.0,7.281743282741971,0.6876736111111111,0.7020833333333333
416,4.939030547968398e-10,1.0,7.2680906189812555,0.6875,0.7020833333333333
417,4.203430257055096e-10,1.0,7.251815130975511,0.6871527777777777,0.7020833333333333
418,4.0458016344729594e-10,1.0,7.236456084251404,0.6880208333333333,0.7020833333333333
419,4.466144655167589e-10,1.0,7.224077818128798,0.6873263888888889,0.7020833333333333
420,3.5203728476433724e-10,1.0,7.201055516137017,0.6878472222222223,0.7020833333333333
421,3.993258746707781e-10,1.0,7.192714659372966,0.6871527777777777,0.7020833333333333
422,3.62545859811933e-10,1.0,7.175009549988641,0.6878472222222223,0.7020833333333333
423,2.9424011761804076e-10,1.0,7.168224761221144,0.6876736111111111,0.7020833333333333
424,3.8356301084666453e-10,1.0,7.154922970136007,0.6880208333333333,0.7020833333333333
425,2.4695152833795985e-10,1.0,7.134941940837436,0.6876736111111111,0.7020833333333333
426,2.994944057681986e-10,1.0,7.120525325669183,0.6880208333333333,0.7020833333333333
427,3.100029805026144e-10,1.0,7.131738175286187,0.6876736111111111,0.7020833333333333
428,2.679686784331514e-10,1.0,7.095482789145576,0.6883680555555556,0.7020833333333333
429,2.679686781199714e-10,1.0,7.085700088077122,0.6892361111111112,0.7020833333333333
430,2.41697239874622e-10,1.0,7.101108074188232,0.6878472222222223,0.7020833333333333
431,2.3118866200840642e-10,1.0,7.091419503423903,0.6885416666666667,0.7020833333333333
432,2.2068008727399061e-10,1.0,7.074297504954868,0.6887152777777777,0.7020833333333333
433,2.2593437605050843e-10,1.0,7.060272283024258,0.6894097222222222,0.7020833333333333
434,2.1017151097367493e-10,1.0,7.073151339424981,0.6890625,0.7020833333333333
435,2.3644295203764417e-10,1.0,7.0588112407260475,0.6888888888888889,0.7020833333333333
436,0.17514076820221244,0.9677803244005642,1.4589239796002706,0.6265625,0.7020833333333333
437,0.09361575284712699,0.9697196755994358,2.6097350266244677,0.6914930555555555,0.7020833333333333
438,0.007858079323007847,0.998898095909732,3.2589947289890713,0.6947916666666667,0.7020833333333333
439,0.004025255951554907,0.9991625528913963,3.652927505970001,0.6895833333333333,0.7020833333333333
440,0.047540377796599996,0.9862041607898449,2.7047569221920438,0.6972222222222222,0.7020833333333333
441,0.00881229671270341,0.9978402679830748,3.1487934907277424,0.6996527777777778,0.7020833333333333
442,0.0007038648255538506,1.0,3.3092236558596295,0.7017361111111111,0.7020833333333333
443,0.00038889427725173143,1.0,3.4485287759039136,0.7010416666666667,0.7020833333333333
444,0.00027013710257137516,1.0,3.570857146051195,0.7010416666666667,0.7020833333333333
445,0.00019840970219175985,1.0,3.67654420932134,0.7005208333333334,0.7020833333333333
446,0.00015147999786129497,1.0,3.767076704237196,0.7,0.7020833333333333
447,0.00011950397597328984,1.0,3.8478584329287213,0.7,0.7020833333333333
448,9.592906947934682e-05,1.0,3.929770134554969,0.6996527777777778,0.7020833333333333
449,7.870646522180749e-05,1.0,4.004675078392029,0.7003472222222222,0.7020833333333333
450,6.496514581032695e-05,1.0,4.075047771135966,0.7008680555555555,0.7020833333333333
451,5.421982655880565e-05,1.0,4.142326209280226,0.7003472222222222,0.7020833333333333
452,4.570895401374745e-05,1.0,4.208939494027032,0.7,0.7020833333333333
453,3.886908425825997e-05,1.0,4.270844749609629,0.7,0.7020833333333333
454,3.322868918823847e-05,1.0,4.331320140096876,0.7001736111111111,0.7020833333333333
455,2.8512568279504133e-05,1.0,4.388630587524838,0.7,0.7020833333333333
456,2.458824794728812e-05,1.0,4.446722251839108,0.7,0.7020833333333333
457,2.1312904235136324e-05,1.0,4.5016831994056705,0.7001736111111111,0.7020833333333333
458,1.8508185273080203e-05,1.0,4.557639010747274,0.7,0.7020833333333333
459,1.6143080639858646e-05,1.0,4.61312800248464,0.7001736111111111,0.7020833333333333
460,1.4156496913291512e-05,1.0,4.6660925361845225,0.7,0.7020833333333333
461,1.2388195527472982e-05,1.0,4.719765657848782,0.7005208333333334,0.7020833333333333
462,1.0880277985023868e-05,1.0,4.770472123887804,0.7005208333333334,0.7020833333333333
463,9.58557904842386e-06,1.0,4.823106084929572,0.7006944444444444,0.7020833333333333
464,8.448130404608472e-06,1.0,4.87104119459788,0.7006944444444444,0.7020833333333333
465,7.4626563365008994e-06,1.0,4.922822565502591,0.7008680555555555,0.7020833333333333
466,6.607899189801402e-06,1.0,4.971139929029676,0.7006944444444444,0.7020833333333333
467,5.847208035415623e-06,1.0,5.020551347732544,0.7003472222222222,0.7020833333333333
468,5.176485176713659e-06,1.0,5.068739257918464,0.7006944444444444,0.7020833333333333
469,4.6048335842139235e-06,1.0,5.117081424925062,0.7012152777777778,0.7020833333333333
470,4.089003987734001e-06,1.0,5.1657577355702715,0.7006944444444444,0.7020833333333333
471,3.631868085687198e-06,1.0,5.213957018322414,0.7006944444444444,0.7020833333333333
472,3.233525284144729e-06,1.0,5.261675924725003,0.7003472222222222,0.7020833333333333
473,2.879640687392637e-06,1.0,5.307020735740662,0.7005208333333334,0.7020833333333333
474,2.5673658037241915e-06,1.0,5.353126523229811,0.7005208333333334,0.7020833333333333
475,2.2900975186472835e-06,1.0,5.397576687071059,0.7003472222222222,0.7020833333333333
476,2.0486978580390144e-06,1.0,5.4433586915334065,0.7005208333333334,0.7020833333333333
477,1.829516549765321e-06,1.0,5.48734236823188,0.7006944444444444,0.7020833333333333
478,1.636138185117918e-06,1.0,5.532117748260498,0.7005208333333334,0.7020833333333333
479,1.4619833053662643e-06,1.0,5.5765334182315405,0.7010416666666667,0.7020833333333333
480,1.3101590283080138e-06,1.0,5.6167534748713175,0.7010416666666667,0.7020833333333333
481,1.1757569175088694e-06,1.0,5.659340082274543,0.7006944444444444,0.7020833333333333
482,1.0526931782677782e-06,1.0,5.700462412834168,0.7013888888888888,0.7020833333333333
483,9.445353292883222e-07,1.0,5.741627097129822,0.7017361111111111,0.7020833333333333
484,8.481888088346637e-07,1.0,5.782033732202318,0.7013888888888888,0.7020833333333333
485,7.618356801086816e-07,1.0,5.82101026640998,0.7013888888888888,0.7020833333333333
486,6.852815893680612e-07,1.0,5.858583937750923,0.7017361111111111,0.7020833333333333
487,6.161411055468365e-07,1.0,5.897833082411024,0.7015625,0.7020833333333333
488,5.555176759782e-07,1.0,5.933599042892456,0.7012152777777778,0.7020833333333333
489,5.007054099317395e-07,1.0,5.96942523850335,0.7015625,0.7020833333333333
490,4.5211935399975414e-07,1.0,6.004591017299228,0.7015625,0.7020833333333333
491,4.074897481019968e-07,1.0,6.038812642627292,0.7015625,0.7020833333333333
492,3.6801450241008904e-07,1.0,6.072573690944248,0.7012152777777778,0.7020833333333333
493,3.3230656408441845e-07,1.0,6.1061399459838865,0.7013888888888888,0.7020833333333333
494,3.0000336485401384e-07,1.0,6.13694732454088,0.7017361111111111,0.7020833333333333
495,2.7114168886489106e-07,1.0,6.1686705907185875,0.7013888888888888,0.7020833333333333
496,2.459106993296476e-07,1.0,6.198740691608853,0.7017361111111111,0.7020833333333333
497,2.225344580177699e-07,1.0,6.229108137554593,0.7019097222222223,0.7020833333333333
498,2.0178008965626535e-07,1.0,6.25808507071601,0.7019097222222223,0.7020833333333333
499,1.8237081360936413e-07,1.0,6.286215273539225,0.7019097222222223,0.7020833333333333
500,1.6570950897877866e-07,1.0,6.31508731842041,0.7019097222222223,0.7020833333333333
